[debug] [2026-05-19T17:07:37.543Z] ----------------------------------------------------------------------
[debug] [2026-05-19T17:07:37.544Z] Command:       /usr/bin/node /usr/bin/firebase emulators:start --only functions,firestore --project demo-realm-explorer
[debug] [2026-05-19T17:07:37.544Z] CLI Version:   15.18.0
[debug] [2026-05-19T17:07:37.544Z] Platform:      linux
[debug] [2026-05-19T17:07:37.544Z] Node Version:  v26.1.0
[debug] [2026-05-19T17:07:37.544Z] Time:          Tue May 19 2026 22:07:37 GMT+0500 (Pakistan Standard Time)
[debug] [2026-05-19T17:07:37.544Z] ----------------------------------------------------------------------
[debug] 
[debug] [2026-05-19T17:07:37.935Z] openjdk version "26.0.1" 2026-04-21

[debug] [2026-05-19T17:07:37.936Z] OpenJDK Runtime Environment (build 26.0.1)
OpenJDK 64-Bit Server VM (build 26.0.1, mixed mode, sharing)

[debug] [2026-05-19T17:07:37.938Z] Parsed Java major version: 26
[info] i  emulators: Starting emulators: functions, firestore {"metadata":{"emulator":{"name":"hub"},"message":"Starting emulators: functions, firestore"}}
[info] i  emulators: Detected demo project ID "demo-realm-explorer", emulated services will use a demo configuration and attempts to access non-emulated services for this project will fail. {"metadata":{"emulator":{"name":"hub"},"message":"Detected demo project ID \"demo-realm-explorer\", emulated services will use a demo configuration and attempts to access non-emulated services for this project will fail."}}
[debug] [2026-05-19T17:07:37.945Z] assigned listening specs for emulators {"user":{"hub":[{"address":"127.0.0.1","family":"IPv4","port":4401}],"ui":[{"address":"127.0.0.1","family":"IPv4","port":4001}],"logging":[{"address":"127.0.0.1","family":"IPv4","port":4502}],"firestore":[{"address":"127.0.0.1","family":"IPv4","port":9090}],"firestore.websocket":[{"address":"127.0.0.1","family":"IPv4","port":9150}]},"metadata":{"message":"assigned listening specs for emulators"}}
[debug] [2026-05-19T17:07:37.947Z] Write emulator hub locator at /tmp/hub-demo-realm-explorer.json
[debug] [2026-05-19T17:07:37.949Z] [eventarc] Eventarc Emulator only supports listening on one address (127.0.0.1). Not listening on ::1
[debug] [2026-05-19T17:07:37.949Z] [tasks] Cloud Tasks Emulator only supports listening on one address (127.0.0.1). Not listening on ::1
[debug] [2026-05-19T17:07:37.949Z] late-assigned ports for functions and eventarc emulators {"user":{"hub":[{"address":"127.0.0.1","family":"IPv4","port":4401}],"ui":[{"address":"127.0.0.1","family":"IPv4","port":4001}],"logging":[{"address":"127.0.0.1","family":"IPv4","port":4502}],"firestore":[{"address":"127.0.0.1","family":"IPv4","port":9090}],"firestore.websocket":[{"address":"127.0.0.1","family":"IPv4","port":9150}],"functions":[{"address":"127.0.0.1","family":"IPv4","port":5001}],"eventarc":[{"address":"127.0.0.1","family":"IPv4","port":9299}],"tasks":[{"address":"127.0.0.1","family":"IPv4","port":9499}]},"metadata":{"message":"late-assigned ports for functions and eventarc emulators"}}
[debug] [2026-05-19T17:07:37.960Z] Ignoring unsupported arg: auto_download {"metadata":{"emulator":{"name":"firestore"},"message":"Ignoring unsupported arg: auto_download"}}
[debug] [2026-05-19T17:07:37.961Z] Ignoring unsupported arg: single_project_mode_error {"metadata":{"emulator":{"name":"firestore"},"message":"Ignoring unsupported arg: single_project_mode_error"}}
[debug] [2026-05-19T17:07:37.961Z] Starting Firestore Emulator with command {"binary":"java","args":["-Dgoogle.cloud_firestore.debug_log_level=FINE","-Duser.language=en","-jar","/home/hixam/.cache/firebase/emulators/cloud-firestore-emulator-v1.21.0.jar","--host","127.0.0.1","--port",9090,"--websocket_port",9150,"--database-edition","standard","--project_id","demo-realm-explorer","--rules","/home/hixam/realm-explorer/firestore.rules","--single_project_mode",true,"--functions_emulator","127.0.0.1:5001"],"optionalArgs":["port","webchannel_port","host","rules","websocket_port","database-edition","functions_emulator","seed_from_export","project_id","single_project_mode"],"joinArgs":false,"shell":false,"port":9090} {"metadata":{"emulator":{"name":"firestore"},"message":"Starting Firestore Emulator with command {\"binary\":\"java\",\"args\":[\"-Dgoogle.cloud_firestore.debug_log_level=FINE\",\"-Duser.language=en\",\"-jar\",\"/home/hixam/.cache/firebase/emulators/cloud-firestore-emulator-v1.21.0.jar\",\"--host\",\"127.0.0.1\",\"--port\",9090,\"--websocket_port\",9150,\"--database-edition\",\"standard\",\"--project_id\",\"demo-realm-explorer\",\"--rules\",\"/home/hixam/realm-explorer/firestore.rules\",\"--single_project_mode\",true,\"--functions_emulator\",\"127.0.0.1:5001\"],\"optionalArgs\":[\"port\",\"webchannel_port\",\"host\",\"rules\",\"websocket_port\",\"database-edition\",\"functions_emulator\",\"seed_from_export\",\"project_id\",\"single_project_mode\"],\"joinArgs\":false,\"shell\":false,\"port\":9090}"}}
[info] i  firestore: Firestore Emulator logging to firestore-debug.log {"metadata":{"emulator":{"name":"firestore"},"message":"Firestore Emulator logging to firestore-debug.log"}}
[debug] [2026-05-19T17:07:38.183Z] WARNING: A terminally deprecated method in sun.misc.Unsafe has been called
WARNING: sun.misc.Unsafe::allocateMemory has been called by io.netty.util.internal.PlatformDependent0$2 (file:/home/hixam/.cache/firebase/emulators/cloud-firestore-emulator-v1.21.0.jar)
WARNING: Please consider reporting this to the maintainers of class io.netty.util.internal.PlatformDependent0$2
WARNING: sun.misc.Unsafe::allocateMemory will be removed in a future release
 {"metadata":{"emulator":{"name":"firestore"},"message":"WARNING: A terminally deprecated method in sun.misc.Unsafe has been called\nWARNING: sun.misc.Unsafe::allocateMemory has been called by io.netty.util.internal.PlatformDependent0$2 (file:/home/hixam/.cache/firebase/emulators/cloud-firestore-emulator-v1.21.0.jar)\nWARNING: Please consider reporting this to the maintainers of class io.netty.util.internal.PlatformDependent0$2\nWARNING: sun.misc.Unsafe::allocateMemory will be removed in a future release\n"}}
[debug] [2026-05-19T17:07:38.377Z] WARNING: A restricted method in  {"metadata":{"emulator":{"name":"firestore"},"message":"WARNING: A restricted method in "}}
[debug] [2026-05-19T17:07:38.377Z] java.lang.System has been called
WARNING: java.lang.System::loadLibrary has been called by io.netty.util.internal.NativeLibraryUtil in an unnamed module (file:/home/hixam/.cache/firebase/emulators/cloud-firestore-emulator-v1.21.0.jar)
WARNING: Use --enable-native-access=ALL-UNNAMED to avoid a warning for callers in this module
WARNING: Restricted methods will be blocked in a future release unless native access is enabled

 {"metadata":{"emulator":{"name":"firestore"},"message":"java.lang.System has been called\nWARNING: java.lang.System::loadLibrary has been called by io.netty.util.internal.NativeLibraryUtil in an unnamed module (file:/home/hixam/.cache/firebase/emulators/cloud-firestore-emulator-v1.21.0.jar)\nWARNING: Use --enable-native-access=ALL-UNNAMED to avoid a warning for callers in this module\nWARNING: Restricted methods will be blocked in a future release unless native access is enabled\n\n"}}
[debug] [2026-05-19T17:07:38.755Z] May 19, 2026 10:07:38 PM com.google.cloud.datastore.emulator.firestore.websocket.WebSocketServer start
INFO: Started WebSocket server on ws://127.0.0.1:9150
 {"metadata":{"emulator":{"name":"firestore"},"message":"May 19, 2026 10:07:38 PM com.google.cloud.datastore.emulator.firestore.websocket.WebSocketServer start\nINFO: Started WebSocket server on ws://127.0.0.1:9150\n"}}
[debug] [2026-05-19T17:07:38.779Z] 
API endpoint: http:// {"metadata":{"emulator":{"name":"firestore"},"message":"\nAPI endpoint: http://"}}
[debug] [2026-05-19T17:07:38.780Z] 127.0.0.1:9090
Database Edition: STANDARD
Database Mode: CLOUD_FIRESTORE

If you are using a library that supports the FIRESTORE_EMULATOR_HOST environment variable, run:

   export FIRESTORE_EMULATOR_HOST=127.0.0.1:9090

If you are running a Firestore in Datastore Mode project, run:

   export DATASTORE_EMULATOR_HOST=127.0.0.1:9090

Note: Support for Datastore Mode is in preview. If you encounter any bugs please file at https://github.com/firebase/firebase-tools/issues.
Dev App Server is now running.

 {"metadata":{"emulator":{"name":"firestore"},"message":"127.0.0.1:9090\nDatabase Edition: STANDARD\nDatabase Mode: CLOUD_FIRESTORE\n\nIf you are using a library that supports the FIRESTORE_EMULATOR_HOST environment variable, run:\n\n   export FIRESTORE_EMULATOR_HOST=127.0.0.1:9090\n\nIf you are running a Firestore in Datastore Mode project, run:\n\n   export DATASTORE_EMULATOR_HOST=127.0.0.1:9090\n\nNote: Support for Datastore Mode is in preview. If you encounter any bugs please file at https://github.com/firebase/firebase-tools/issues.\nDev App Server is now running.\n\n"}}
[info] ✔  firestore: Firestore Emulator was started in standard edition. {"metadata":{"emulator":{"name":"firestore"},"message":"Firestore Emulator was started in standard edition."}}
[info] ✔  firestore: Firestore Emulator UI websocket is running on 9150. {"metadata":{"emulator":{"name":"firestore"},"message":"Firestore Emulator UI websocket is running on 9150."}}
[info] i  functions: Watching "/home/hixam/realm-explorer/functions" for Cloud Functions... {"metadata":{"emulator":{"name":"functions"},"message":"Watching \"/home/hixam/realm-explorer/functions\" for Cloud Functions..."}}
[debug] [2026-05-19T17:07:38.790Z] Validating nodejs source
[warn] ⚠  functions: package.json indicates an outdated version of firebase-functions. Please upgrade using npm install --save firebase-functions@latest in your functions directory. 
[warn] ⚠  functions: Please note that there will be breaking changes when you upgrade. 
[debug] [2026-05-19T17:07:39.613Z] > [functions] package.json contents: {
  "name": "realm-explorer-functions",
  "version": "1.0.0",
  "main": "index.js",
  "engines": {
    "node": "20"
  },
  "scripts": {
    "dev": "firebase emulators:start --only functions,firestore",
    "deploy:key": "firebase functions:config:set gemini.key=\"$(grep GEMINI_API_KEY .env | cut -d '=' -f2)\"",
    "verify:key": "firebase functions:config:get | grep gemini"
  },
  "dependencies": {
    "firebase-functions": "^4.0.0",
    "firebase-admin": "^12.0.0",
    "@google/generative-ai": "^0.21.0",
    "express": "^4.18.0",
    "cors": "^2.8.5",
    "uuid": "^9.0.0",
    "dotenv": "^16.0.0"
  }
}
[debug] [2026-05-19T17:07:39.613Z] Building nodejs source
[debug] [2026-05-19T17:07:39.614Z] Failed to find version of module node: reached end of search path /home/hixam/realm-explorer/functions/node_modules
[warn] ⚠  functions: Your requested "node" version "20" doesn't match your global version "26". Using node@26 from host. 
[info] i  functions: Loaded environment variables from .env. 
[info] i  functions: You are using a version of firebase-functions SDK (4.9.0) that does not have support for the newest Firebase Extensions features. Please update firebase-functions SDK to >=5.1.0 to use them correctly 
[debug] [2026-05-19T17:07:39.617Z] Could not find functions.yaml. Must use http discovery
[debug] [2026-05-19T17:07:39.620Z] Found firebase-functions binary at '/home/hixam/realm-explorer/functions/node_modules/.bin/firebase-functions'
[info] Serving at port 8463

[debug] [2026-05-19T17:07:39.829Z] Got response from /__/functions.yaml {"endpoints":{"api":{"platform":"gcfv1","availableMemoryMb":null,"timeoutSeconds":null,"minInstances":null,"maxInstances":null,"ingressSettings":null,"serviceAccountEmail":null,"vpc":null,"httpsTrigger":{},"entryPoint":"api"}},"specVersion":"v1alpha1","requiredAPIs":[]}
[info] ✔  functions: Loaded functions definitions from source: api. {"metadata":{"emulator":{"name":"functions"},"message":"Loaded functions definitions from source: api."}}
[info] ✔  functions[us-central1-api]: http function initialized (http://127.0.0.1:5001/demo-realm-explorer/us-central1/api). {"metadata":{"emulator":{"name":"functions"},"message":"http function initialized (http://127.0.0.1:5001/demo-realm-explorer/us-central1/api)."}}
[debug] [2026-05-19T17:07:43.846Z] Could not find VSCode notification endpoint: FetchError: request to http://localhost:40001/vscode/notify failed, reason: . If you are not running the Firebase SQL Connect VSCode extension, this is expected and not an issue.
[info] 
┌─────────────────────────────────────────────────────────────┐
│ ✔  All emulators ready! It is now safe to connect your app. │
│ i  View Emulator UI at http://127.0.0.1:4001/               │
└─────────────────────────────────────────────────────────────┘

┌───────────┬────────────────┬─────────────────────────────────┐
│ Emulator  │ Host:Port      │ View in Emulator UI             │
├───────────┼────────────────┼─────────────────────────────────┤
│ Functions │ 127.0.0.1:5001 │ http://127.0.0.1:4001/functions │
├───────────┼────────────────┼─────────────────────────────────┤
│ Firestore │ 127.0.0.1:9090 │ http://127.0.0.1:4001/firestore │
└───────────┴────────────────┴─────────────────────────────────┘
  Emulator Hub host: 127.0.0.1 port: 4401
  Other reserved ports: 4502, 9150

Issues? Report them at https://github.com/firebase/firebase-tools/issues and attach the *-debug.log files.
 
[debug] [2026-05-19T17:08:52.625Z] [work-queue] {"queuedWork":["/demo-realm-explorer/us-central1/api/v1/health-2026-05-19T17:08:52.624Z"],"queueLength":1,"runningWork":[],"workRunningCount":0}
[debug] [2026-05-19T17:08:52.625Z] [work-queue] {"queuedWork":[],"queueLength":0,"runningWork":["/demo-realm-explorer/us-central1/api/v1/health-2026-05-19T17:08:52.624Z"],"workRunningCount":1}
[debug] [2026-05-19T17:08:52.625Z] Accepted request GET /demo-realm-explorer/us-central1/api/v1/health --> us-central1-api
[debug] [2026-05-19T17:08:52.625Z] [functions] Runtime ready! Sending request! {"metadata":{"emulator":{"name":"functions"},"message":"[functions] Runtime ready! Sending request!"}}
[debug] [2026-05-19T17:08:52.626Z] [functions] Got req.url=/demo-realm-explorer/us-central1/api/v1/health, mapping to path=/v1/health {"metadata":{"emulator":{"name":"functions"},"message":"[functions] Got req.url=/demo-realm-explorer/us-central1/api/v1/health, mapping to path=/v1/health"}}
[info] i  functions: Loaded environment variables from .env. 
[debug] [2026-05-19T17:08:52.632Z] [worker-pool] addWorker(us-central1-api) {"metadata":{"emulator":{"name":"functions"},"message":"[worker-pool] addWorker(us-central1-api)"}}
[debug] [2026-05-19T17:08:52.632Z] [worker-pool] Adding worker with key us-central1-api, total=1 {"metadata":{"emulator":{"name":"functions"},"message":"[worker-pool] Adding worker with key us-central1-api, total=1"}}
[debug] [2026-05-19T17:08:52.955Z] [runtime-status] [73979] Resolved module firebase-admin {"declared":true,"installed":true,"version":"12.7.0","resolution":"/home/hixam/realm-explorer/functions/node_modules/firebase-admin/lib/index.js"} {"metadata":{"emulator":{"name":"functions"},"function":{"name":"us-central1-api"},"extension":{},"message":"[runtime-status] [73979] Resolved module firebase-admin {\"declared\":true,\"installed\":true,\"version\":\"12.7.0\",\"resolution\":\"/home/hixam/realm-explorer/functions/node_modules/firebase-admin/lib/index.js\"}"}}
[debug] [2026-05-19T17:08:52.955Z] [runtime-status] [73979] Resolved module firebase-functions {"declared":true,"installed":true,"version":"4.9.0","resolution":"/home/hixam/realm-explorer/functions/node_modules/firebase-functions/lib/v1/index.js"} {"metadata":{"emulator":{"name":"functions"},"function":{"name":"us-central1-api"},"extension":{},"message":"[runtime-status] [73979] Resolved module firebase-functions {\"declared\":true,\"installed\":true,\"version\":\"4.9.0\",\"resolution\":\"/home/hixam/realm-explorer/functions/node_modules/firebase-functions/lib/v1/index.js\"}"}}
[debug] [2026-05-19T17:08:52.955Z] [runtime-status] [73979] Outgoing network have been stubbed. [{"name":"http","status":"mocked"},{"name":"http","status":"mocked"},{"name":"https","status":"mocked"},{"name":"https","status":"mocked"},{"name":"net","status":"mocked"}] {"metadata":{"emulator":{"name":"functions"},"function":{"name":"us-central1-api"},"extension":{},"message":"[runtime-status] [73979] Outgoing network have been stubbed. [{\"name\":\"http\",\"status\":\"mocked\"},{\"name\":\"http\",\"status\":\"mocked\"},{\"name\":\"https\",\"status\":\"mocked\"},{\"name\":\"https\",\"status\":\"mocked\"},{\"name\":\"net\",\"status\":\"mocked\"}]"}}
[debug] [2026-05-19T17:08:52.955Z] [runtime-status] [73979] Resolved module firebase-functions {"declared":true,"installed":true,"version":"4.9.0","resolution":"/home/hixam/realm-explorer/functions/node_modules/firebase-functions/lib/v1/index.js"} {"metadata":{"emulator":{"name":"functions"},"function":{"name":"us-central1-api"},"extension":{},"message":"[runtime-status] [73979] Resolved module firebase-functions {\"declared\":true,\"installed\":true,\"version\":\"4.9.0\",\"resolution\":\"/home/hixam/realm-explorer/functions/node_modules/firebase-functions/lib/v1/index.js\"}"}}
[debug] [2026-05-19T17:08:52.987Z] [runtime-status] [73979] Resolved module firebase-admin {"declared":true,"installed":true,"version":"12.7.0","resolution":"/home/hixam/realm-explorer/functions/node_modules/firebase-admin/lib/index.js"} {"metadata":{"emulator":{"name":"functions"},"function":{"name":"us-central1-api"},"extension":{},"message":"[runtime-status] [73979] Resolved module firebase-admin {\"declared\":true,\"installed\":true,\"version\":\"12.7.0\",\"resolution\":\"/home/hixam/realm-explorer/functions/node_modules/firebase-admin/lib/index.js\"}"}}
[debug] [2026-05-19T17:08:52.988Z] [runtime-status] [73979] Resolved module firebase-functions {"declared":true,"installed":true,"version":"4.9.0","resolution":"/home/hixam/realm-explorer/functions/node_modules/firebase-functions/lib/v1/index.js"} {"metadata":{"emulator":{"name":"functions"},"function":{"name":"us-central1-api"},"extension":{},"message":"[runtime-status] [73979] Resolved module firebase-functions {\"declared\":true,\"installed\":true,\"version\":\"4.9.0\",\"resolution\":\"/home/hixam/realm-explorer/functions/node_modules/firebase-functions/lib/v1/index.js\"}"}}
[debug] [2026-05-19T17:08:53.033Z] [runtime-status] [73979] firebase-admin has been stubbed. {"adminResolution":{"declared":true,"installed":true,"version":"12.7.0","resolution":"/home/hixam/realm-explorer/functions/node_modules/firebase-admin/lib/index.js"}} {"metadata":{"emulator":{"name":"functions"},"function":{"name":"us-central1-api"},"extension":{},"message":"[runtime-status] [73979] firebase-admin has been stubbed. {\"adminResolution\":{\"declared\":true,\"installed\":true,\"version\":\"12.7.0\",\"resolution\":\"/home/hixam/realm-explorer/functions/node_modules/firebase-admin/lib/index.js\"}}"}}
[debug] [2026-05-19T17:08:53.057Z] [runtime-status] [73979] initializeApp(DEFAULT) {"storageBucket":"demo-realm-explorer.appspot.com","databaseURL":"https://demo-realm-explorer.firebaseio.com","projectId":"demo-realm-explorer"} {"metadata":{"emulator":{"name":"functions"},"function":{"name":"us-central1-api"},"extension":{},"message":"[runtime-status] [73979] initializeApp(DEFAULT) {\"storageBucket\":\"demo-realm-explorer.appspot.com\",\"databaseURL\":\"https://demo-realm-explorer.firebaseio.com\",\"projectId\":\"demo-realm-explorer\"}"}}
[debug] [2026-05-19T17:08:53.064Z] [runtime-status] [73979] Functions runtime initialized. {"cwd":"/home/hixam/realm-explorer/functions","node_version":"26.1.0"} {"metadata":{"emulator":{"name":"functions"},"function":{"name":"us-central1-api"},"extension":{},"message":"[runtime-status] [73979] Functions runtime initialized. {\"cwd\":\"/home/hixam/realm-explorer/functions\",\"node_version\":\"26.1.0\"}"}}
[debug] [2026-05-19T17:08:53.065Z] [runtime-status] [73979] Listening to port: /tmp/fire_emu_86d25edc424f0eb3.sock {"metadata":{"emulator":{"name":"functions"},"function":{"name":"us-central1-api"},"extension":{},"message":"[runtime-status] [73979] Listening to port: /tmp/fire_emu_86d25edc424f0eb3.sock"}}
[debug] [2026-05-19T17:08:53.140Z] [worker-us-central1-api-0e2ea68d-2f96-4224-a3b4-9696944c047b]: IDLE {"metadata":{"emulator":{"name":"functions"},"function":{"name":"us-central1-api"},"extension":{},"message":"[worker-us-central1-api-0e2ea68d-2f96-4224-a3b4-9696944c047b]: IDLE"}}
[debug] [2026-05-19T17:08:53.140Z] [worker-pool] submitRequest(triggerId=us-central1-api) {"metadata":{"emulator":{"name":"functions"},"message":"[worker-pool] submitRequest(triggerId=us-central1-api)"}}
[info] i  functions: Beginning execution of "us-central1-api" {"metadata":{"emulator":{"name":"functions"},"function":{"name":"us-central1-api"},"extension":{},"message":"Beginning execution of \"us-central1-api\""}}
[debug] [2026-05-19T17:08:53.141Z] [worker-us-central1-api-0e2ea68d-2f96-4224-a3b4-9696944c047b]: BUSY {"metadata":{"emulator":{"name":"functions"},"function":{"name":"us-central1-api"},"extension":{},"message":"[worker-us-central1-api-0e2ea68d-2f96-4224-a3b4-9696944c047b]: BUSY"}}
[debug] [2026-05-19T17:08:53.145Z] Finishing up request with event=finish {"metadata":{"emulator":{"name":"functions"},"function":{"name":"us-central1-api"},"extension":{},"message":"Finishing up request with event=finish"}}
[info] i  functions: Finished "us-central1-api" in 4.098489ms {"metadata":{"emulator":{"name":"functions"},"function":{"name":"us-central1-api"},"extension":{},"message":"Finished \"us-central1-api\" in 4.098489ms"}}
[debug] [2026-05-19T17:08:53.145Z] [worker-us-central1-api-0e2ea68d-2f96-4224-a3b4-9696944c047b]: IDLE {"metadata":{"emulator":{"name":"functions"},"function":{"name":"us-central1-api"},"extension":{},"message":"[worker-us-central1-api-0e2ea68d-2f96-4224-a3b4-9696944c047b]: IDLE"}}
[debug] [2026-05-19T17:08:53.145Z] Finishing up request with event=close {"metadata":{"emulator":{"name":"functions"},"function":{"name":"us-central1-api"},"extension":{},"message":"Finishing up request with event=close"}}
[debug] [2026-05-19T17:08:53.145Z] [work-queue] {"queuedWork":[],"queueLength":0,"runningWork":[],"workRunningCount":0}
[debug] [2026-05-19T17:08:53.156Z] [work-queue] {"queuedWork":["/demo-realm-explorer/us-central1/api/v1/run-2026-05-19T17:08:53.156Z"],"queueLength":1,"runningWork":[],"workRunningCount":0}
[debug] [2026-05-19T17:08:53.156Z] [work-queue] {"queuedWork":[],"queueLength":0,"runningWork":["/demo-realm-explorer/us-central1/api/v1/run-2026-05-19T17:08:53.156Z"],"workRunningCount":1}
[debug] [2026-05-19T17:08:53.156Z] Accepted request POST /demo-realm-explorer/us-central1/api/v1/run --> us-central1-api
[debug] [2026-05-19T17:08:53.156Z] [functions] Runtime ready! Sending request! {"metadata":{"emulator":{"name":"functions"},"message":"[functions] Runtime ready! Sending request!"}}
[debug] [2026-05-19T17:08:53.156Z] [functions] Got req.url=/demo-realm-explorer/us-central1/api/v1/run, mapping to path=/v1/run {"metadata":{"emulator":{"name":"functions"},"message":"[functions] Got req.url=/demo-realm-explorer/us-central1/api/v1/run, mapping to path=/v1/run"}}
[debug] [2026-05-19T17:08:53.156Z] [worker-pool] submitRequest(triggerId=us-central1-api) {"metadata":{"emulator":{"name":"functions"},"message":"[worker-pool] submitRequest(triggerId=us-central1-api)"}}
[info] i  functions: Beginning execution of "us-central1-api" {"metadata":{"emulator":{"name":"functions"},"function":{"name":"us-central1-api"},"extension":{},"message":"Beginning execution of \"us-central1-api\""}}
[debug] [2026-05-19T17:08:53.156Z] [worker-us-central1-api-0e2ea68d-2f96-4224-a3b4-9696944c047b]: BUSY {"metadata":{"emulator":{"name":"functions"},"function":{"name":"us-central1-api"},"extension":{},"message":"[worker-us-central1-api-0e2ea68d-2f96-4224-a3b4-9696944c047b]: BUSY"}}
[debug] [2026-05-19T17:08:53.170Z] Finishing up request with event=finish {"metadata":{"emulator":{"name":"functions"},"function":{"name":"us-central1-api"},"extension":{},"message":"Finishing up request with event=finish"}}
[info] i  functions: Finished "us-central1-api" in 13.246615ms {"metadata":{"emulator":{"name":"functions"},"function":{"name":"us-central1-api"},"extension":{},"message":"Finished \"us-central1-api\" in 13.246615ms"}}
[debug] [2026-05-19T17:08:53.170Z] [worker-us-central1-api-0e2ea68d-2f96-4224-a3b4-9696944c047b]: IDLE {"metadata":{"emulator":{"name":"functions"},"function":{"name":"us-central1-api"},"extension":{},"message":"[worker-us-central1-api-0e2ea68d-2f96-4224-a3b4-9696944c047b]: IDLE"}}
[debug] [2026-05-19T17:08:53.170Z] Finishing up request with event=close {"metadata":{"emulator":{"name":"functions"},"function":{"name":"us-central1-api"},"extension":{},"message":"Finishing up request with event=close"}}
[debug] [2026-05-19T17:08:53.170Z] [work-queue] {"queuedWork":[],"queueLength":0,"runningWork":[],"workRunningCount":0}
[debug] [2026-05-19T17:09:38.827Z] [work-queue] {"queuedWork":["/demo-realm-explorer/us-central1/api/v1/health-2026-05-19T17:09:38.827Z"],"queueLength":1,"runningWork":[],"workRunningCount":0}
[debug] [2026-05-19T17:09:38.827Z] [work-queue] {"queuedWork":[],"queueLength":0,"runningWork":["/demo-realm-explorer/us-central1/api/v1/health-2026-05-19T17:09:38.827Z"],"workRunningCount":1}
[debug] [2026-05-19T17:09:38.827Z] Accepted request GET /demo-realm-explorer/us-central1/api/v1/health --> us-central1-api
[debug] [2026-05-19T17:09:38.827Z] [functions] Runtime ready! Sending request! {"metadata":{"emulator":{"name":"functions"},"message":"[functions] Runtime ready! Sending request!"}}
[debug] [2026-05-19T17:09:38.827Z] [functions] Got req.url=/demo-realm-explorer/us-central1/api/v1/health, mapping to path=/v1/health {"metadata":{"emulator":{"name":"functions"},"message":"[functions] Got req.url=/demo-realm-explorer/us-central1/api/v1/health, mapping to path=/v1/health"}}
[debug] [2026-05-19T17:09:38.827Z] [worker-pool] submitRequest(triggerId=us-central1-api) {"metadata":{"emulator":{"name":"functions"},"message":"[worker-pool] submitRequest(triggerId=us-central1-api)"}}
[info] i  functions: Beginning execution of "us-central1-api" {"metadata":{"emulator":{"name":"functions"},"function":{"name":"us-central1-api"},"extension":{},"message":"Beginning execution of \"us-central1-api\""}}
[debug] [2026-05-19T17:09:38.828Z] [worker-us-central1-api-0e2ea68d-2f96-4224-a3b4-9696944c047b]: BUSY {"metadata":{"emulator":{"name":"functions"},"function":{"name":"us-central1-api"},"extension":{},"message":"[worker-us-central1-api-0e2ea68d-2f96-4224-a3b4-9696944c047b]: BUSY"}}
[debug] [2026-05-19T17:09:38.829Z] Finishing up request with event=finish {"metadata":{"emulator":{"name":"functions"},"function":{"name":"us-central1-api"},"extension":{},"message":"Finishing up request with event=finish"}}
[info] i  functions: Finished "us-central1-api" in 1.719454ms {"metadata":{"emulator":{"name":"functions"},"function":{"name":"us-central1-api"},"extension":{},"message":"Finished \"us-central1-api\" in 1.719454ms"}}
[debug] [2026-05-19T17:09:38.830Z] [worker-us-central1-api-0e2ea68d-2f96-4224-a3b4-9696944c047b]: IDLE {"metadata":{"emulator":{"name":"functions"},"function":{"name":"us-central1-api"},"extension":{},"message":"[worker-us-central1-api-0e2ea68d-2f96-4224-a3b4-9696944c047b]: IDLE"}}
[debug] [2026-05-19T17:09:38.830Z] Finishing up request with event=close {"metadata":{"emulator":{"name":"functions"},"function":{"name":"us-central1-api"},"extension":{},"message":"Finishing up request with event=close"}}
[debug] [2026-05-19T17:09:38.830Z] [work-queue] {"queuedWork":[],"queueLength":0,"runningWork":[],"workRunningCount":0}
[debug] [2026-05-19T17:09:38.844Z] [work-queue] {"queuedWork":["/demo-realm-explorer/us-central1/api/api/v1/health-2026-05-19T17:09:38.844Z"],"queueLength":1,"runningWork":[],"workRunningCount":0}
[debug] [2026-05-19T17:09:38.844Z] [work-queue] {"queuedWork":[],"queueLength":0,"runningWork":["/demo-realm-explorer/us-central1/api/api/v1/health-2026-05-19T17:09:38.844Z"],"workRunningCount":1}
[debug] [2026-05-19T17:09:38.844Z] Accepted request GET /demo-realm-explorer/us-central1/api/api/v1/health --> us-central1-api
[debug] [2026-05-19T17:09:38.844Z] [functions] Runtime ready! Sending request! {"metadata":{"emulator":{"name":"functions"},"message":"[functions] Runtime ready! Sending request!"}}
[debug] [2026-05-19T17:09:38.844Z] [functions] Got req.url=/demo-realm-explorer/us-central1/api/api/v1/health, mapping to path=/api/v1/health {"metadata":{"emulator":{"name":"functions"},"message":"[functions] Got req.url=/demo-realm-explorer/us-central1/api/api/v1/health, mapping to path=/api/v1/health"}}
[debug] [2026-05-19T17:09:38.844Z] [worker-pool] submitRequest(triggerId=us-central1-api) {"metadata":{"emulator":{"name":"functions"},"message":"[worker-pool] submitRequest(triggerId=us-central1-api)"}}
[info] i  functions: Beginning execution of "us-central1-api" {"metadata":{"emulator":{"name":"functions"},"function":{"name":"us-central1-api"},"extension":{},"message":"Beginning execution of \"us-central1-api\""}}
[debug] [2026-05-19T17:09:38.844Z] [worker-us-central1-api-0e2ea68d-2f96-4224-a3b4-9696944c047b]: BUSY {"metadata":{"emulator":{"name":"functions"},"function":{"name":"us-central1-api"},"extension":{},"message":"[worker-us-central1-api-0e2ea68d-2f96-4224-a3b4-9696944c047b]: BUSY"}}
[debug] [2026-05-19T17:09:38.847Z] Finishing up request with event=finish {"metadata":{"emulator":{"name":"functions"},"function":{"name":"us-central1-api"},"extension":{},"message":"Finishing up request with event=finish"}}
[info] i  functions: Finished "us-central1-api" in 2.988877ms {"metadata":{"emulator":{"name":"functions"},"function":{"name":"us-central1-api"},"extension":{},"message":"Finished \"us-central1-api\" in 2.988877ms"}}
[debug] [2026-05-19T17:09:38.848Z] [worker-us-central1-api-0e2ea68d-2f96-4224-a3b4-9696944c047b]: IDLE {"metadata":{"emulator":{"name":"functions"},"function":{"name":"us-central1-api"},"extension":{},"message":"[worker-us-central1-api-0e2ea68d-2f96-4224-a3b4-9696944c047b]: IDLE"}}
[debug] [2026-05-19T17:09:38.848Z] Finishing up request with event=close {"metadata":{"emulator":{"name":"functions"},"function":{"name":"us-central1-api"},"extension":{},"message":"Finishing up request with event=close"}}
[debug] [2026-05-19T17:09:38.848Z] [work-queue] {"queuedWork":[],"queueLength":0,"runningWork":[],"workRunningCount":0}
[debug] [2026-05-19T17:09:38.854Z] [work-queue] {"queuedWork":["/demo-realm-explorer/us-central1/api/-2026-05-19T17:09:38.854Z"],"queueLength":1,"runningWork":[],"workRunningCount":0}
[debug] [2026-05-19T17:09:38.854Z] [work-queue] {"queuedWork":[],"queueLength":0,"runningWork":["/demo-realm-explorer/us-central1/api/-2026-05-19T17:09:38.854Z"],"workRunningCount":1}
[debug] [2026-05-19T17:09:38.854Z] Accepted request GET /demo-realm-explorer/us-central1/api/ --> us-central1-api
[debug] [2026-05-19T17:09:38.854Z] [functions] Runtime ready! Sending request! {"metadata":{"emulator":{"name":"functions"},"message":"[functions] Runtime ready! Sending request!"}}
[debug] [2026-05-19T17:09:38.854Z] [functions] Got req.url=/demo-realm-explorer/us-central1/api/, mapping to path=/ {"metadata":{"emulator":{"name":"functions"},"message":"[functions] Got req.url=/demo-realm-explorer/us-central1/api/, mapping to path=/"}}
[debug] [2026-05-19T17:09:38.854Z] [worker-pool] submitRequest(triggerId=us-central1-api) {"metadata":{"emulator":{"name":"functions"},"message":"[worker-pool] submitRequest(triggerId=us-central1-api)"}}
[info] i  functions: Beginning execution of "us-central1-api" {"metadata":{"emulator":{"name":"functions"},"function":{"name":"us-central1-api"},"extension":{},"message":"Beginning execution of \"us-central1-api\""}}
[debug] [2026-05-19T17:09:38.854Z] [worker-us-central1-api-0e2ea68d-2f96-4224-a3b4-9696944c047b]: BUSY {"metadata":{"emulator":{"name":"functions"},"function":{"name":"us-central1-api"},"extension":{},"message":"[worker-us-central1-api-0e2ea68d-2f96-4224-a3b4-9696944c047b]: BUSY"}}
[debug] [2026-05-19T17:09:38.856Z] Finishing up request with event=finish {"metadata":{"emulator":{"name":"functions"},"function":{"name":"us-central1-api"},"extension":{},"message":"Finishing up request with event=finish"}}
[info] i  functions: Finished "us-central1-api" in 1.571322ms {"metadata":{"emulator":{"name":"functions"},"function":{"name":"us-central1-api"},"extension":{},"message":"Finished \"us-central1-api\" in 1.571322ms"}}
[debug] [2026-05-19T17:09:38.856Z] [worker-us-central1-api-0e2ea68d-2f96-4224-a3b4-9696944c047b]: IDLE {"metadata":{"emulator":{"name":"functions"},"function":{"name":"us-central1-api"},"extension":{},"message":"[worker-us-central1-api-0e2ea68d-2f96-4224-a3b4-9696944c047b]: IDLE"}}
[debug] [2026-05-19T17:09:38.856Z] Finishing up request with event=close {"metadata":{"emulator":{"name":"functions"},"function":{"name":"us-central1-api"},"extension":{},"message":"Finishing up request with event=close"}}
[debug] [2026-05-19T17:09:38.856Z] [work-queue] {"queuedWork":[],"queueLength":0,"runningWork":[],"workRunningCount":0}
[debug] [2026-05-19T17:10:42.286Z] File /home/hixam/realm-explorer/functions/index.js changed, reloading triggers {"metadata":{"emulator":{"name":"functions"},"message":"File /home/hixam/realm-explorer/functions/index.js changed, reloading triggers"}}
[debug] [2026-05-19T17:10:43.286Z] Validating nodejs source
[warn] ⚠  functions: package.json indicates an outdated version of firebase-functions. Please upgrade using npm install --save firebase-functions@latest in your functions directory. 
[warn] ⚠  functions: Please note that there will be breaking changes when you upgrade. 
[debug] [2026-05-19T17:10:44.144Z] > [functions] package.json contents: {
  "name": "realm-explorer-functions",
  "version": "1.0.0",
  "main": "index.js",
  "engines": {
    "node": "20"
  },
  "scripts": {
    "dev": "firebase emulators:start --only functions,firestore",
    "deploy:key": "firebase functions:config:set gemini.key=\"$(grep GEMINI_API_KEY .env | cut -d '=' -f2)\"",
    "verify:key": "firebase functions:config:get | grep gemini"
  },
  "dependencies": {
    "firebase-functions": "^4.0.0",
    "firebase-admin": "^12.0.0",
    "@google/generative-ai": "^0.21.0",
    "express": "^4.18.0",
    "cors": "^2.8.5",
    "uuid": "^9.0.0",
    "dotenv": "^16.0.0"
  }
}
[debug] [2026-05-19T17:10:44.144Z] Building nodejs source
[debug] [2026-05-19T17:10:44.144Z] Failed to find version of module node: reached end of search path /home/hixam/realm-explorer/functions/node_modules
[warn] ⚠  functions: Your requested "node" version "20" doesn't match your global version "26". Using node@26 from host. 
[info] i  functions: Loaded environment variables from .env. 
[info] i  functions: You are using a version of firebase-functions SDK (4.9.0) that does not have support for the newest Firebase Extensions features. Please update firebase-functions SDK to >=5.1.0 to use them correctly 
[debug] [2026-05-19T17:10:44.146Z] Could not find functions.yaml. Must use http discovery
[debug] [2026-05-19T17:10:44.147Z] Found firebase-functions binary at '/home/hixam/realm-explorer/functions/node_modules/.bin/firebase-functions'
[info] Serving at port 8208

[debug] [2026-05-19T17:10:44.291Z] File /home/hixam/realm-explorer/functions/middleware/errorHandler.js changed, reloading triggers {"metadata":{"emulator":{"name":"functions"},"message":"File /home/hixam/realm-explorer/functions/middleware/errorHandler.js changed, reloading triggers"}}
[debug] [2026-05-19T17:10:44.357Z] Got response from /__/functions.yaml {"endpoints":{"api":{"platform":"gcfv1","availableMemoryMb":null,"timeoutSeconds":null,"minInstances":null,"maxInstances":null,"ingressSettings":null,"serviceAccountEmail":null,"vpc":null,"httpsTrigger":{},"entryPoint":"api"}},"specVersion":"v1alpha1","requiredAPIs":[]}
[debug] [2026-05-19T17:10:45.293Z] Validating nodejs source
[warn] ⚠  functions: package.json indicates an outdated version of firebase-functions. Please upgrade using npm install --save firebase-functions@latest in your functions directory. 
[warn] ⚠  functions: Please note that there will be breaking changes when you upgrade. 
[debug] [2026-05-19T17:10:46.092Z] > [functions] package.json contents: {
  "name": "realm-explorer-functions",
  "version": "1.0.0",
  "main": "index.js",
  "engines": {
    "node": "20"
  },
  "scripts": {
    "dev": "firebase emulators:start --only functions,firestore",
    "deploy:key": "firebase functions:config:set gemini.key=\"$(grep GEMINI_API_KEY .env | cut -d '=' -f2)\"",
    "verify:key": "firebase functions:config:get | grep gemini"
  },
  "dependencies": {
    "firebase-functions": "^4.0.0",
    "firebase-admin": "^12.0.0",
    "@google/generative-ai": "^0.21.0",
    "express": "^4.18.0",
    "cors": "^2.8.5",
    "uuid": "^9.0.0",
    "dotenv": "^16.0.0"
  }
}
[debug] [2026-05-19T17:10:46.092Z] Building nodejs source
[debug] [2026-05-19T17:10:46.092Z] Failed to find version of module node: reached end of search path /home/hixam/realm-explorer/functions/node_modules
[warn] ⚠  functions: Your requested "node" version "20" doesn't match your global version "26". Using node@26 from host. 
[info] i  functions: Loaded environment variables from .env. 
[info] i  functions: You are using a version of firebase-functions SDK (4.9.0) that does not have support for the newest Firebase Extensions features. Please update firebase-functions SDK to >=5.1.0 to use them correctly 
[debug] [2026-05-19T17:10:46.092Z] Could not find functions.yaml. Must use http discovery
[debug] [2026-05-19T17:10:46.093Z] Found firebase-functions binary at '/home/hixam/realm-explorer/functions/node_modules/.bin/firebase-functions'
[info] Serving at port 8994

[debug] [2026-05-19T17:10:46.281Z] Got response from /__/functions.yaml {"endpoints":{"api":{"platform":"gcfv1","availableMemoryMb":null,"timeoutSeconds":null,"minInstances":null,"maxInstances":null,"ingressSettings":null,"serviceAccountEmail":null,"vpc":null,"httpsTrigger":{},"entryPoint":"api"}},"specVersion":"v1alpha1","requiredAPIs":[]}
[info] ✔  functions: Loaded functions definitions from source: api. {"metadata":{"emulator":{"name":"functions"},"message":"Loaded functions definitions from source: api."}}
[debug] [2026-05-19T17:10:48.370Z] [worker-pool] Shutting down IDLE worker (us-central1-api) {"metadata":{"emulator":{"name":"functions"},"message":"[worker-pool] Shutting down IDLE worker (us-central1-api)"}}
[debug] [2026-05-19T17:10:48.370Z] [worker-us-central1-api-0e2ea68d-2f96-4224-a3b4-9696944c047b]: FINISHING {"metadata":{"emulator":{"name":"functions"},"function":{"name":"us-central1-api"},"extension":{},"message":"[worker-us-central1-api-0e2ea68d-2f96-4224-a3b4-9696944c047b]: FINISHING"}}
[debug] [2026-05-19T17:10:48.375Z] [worker-us-central1-api-0e2ea68d-2f96-4224-a3b4-9696944c047b]: exited {"metadata":{"emulator":{"name":"functions"},"function":{"name":"us-central1-api"},"extension":{},"message":"[worker-us-central1-api-0e2ea68d-2f96-4224-a3b4-9696944c047b]: exited"}}
[debug] [2026-05-19T17:10:48.375Z] [worker-us-central1-api-0e2ea68d-2f96-4224-a3b4-9696944c047b]: FINISHED {"metadata":{"emulator":{"name":"functions"},"function":{"name":"us-central1-api"},"extension":{},"message":"[worker-us-central1-api-0e2ea68d-2f96-4224-a3b4-9696944c047b]: FINISHED"}}
[info] ✔  functions: Loaded functions definitions from source: api. {"metadata":{"emulator":{"name":"functions"},"message":"Loaded functions definitions from source: api."}}
[debug] [2026-05-19T17:11:20.637Z] [work-queue] {"queuedWork":["/demo-realm-explorer/us-central1/api/v1/health-2026-05-19T17:11:20.637Z"],"queueLength":1,"runningWork":[],"workRunningCount":0}
[debug] [2026-05-19T17:11:20.638Z] [work-queue] {"queuedWork":[],"queueLength":0,"runningWork":["/demo-realm-explorer/us-central1/api/v1/health-2026-05-19T17:11:20.637Z"],"workRunningCount":1}
[debug] [2026-05-19T17:11:20.638Z] Accepted request GET /demo-realm-explorer/us-central1/api/v1/health --> us-central1-api
[debug] [2026-05-19T17:11:20.638Z] [functions] Runtime ready! Sending request! {"metadata":{"emulator":{"name":"functions"},"message":"[functions] Runtime ready! Sending request!"}}
[debug] [2026-05-19T17:11:20.638Z] [functions] Got req.url=/demo-realm-explorer/us-central1/api/v1/health, mapping to path=/v1/health {"metadata":{"emulator":{"name":"functions"},"message":"[functions] Got req.url=/demo-realm-explorer/us-central1/api/v1/health, mapping to path=/v1/health"}}
[debug] [2026-05-19T17:11:20.638Z] [worker-pool] Cleaned up workers for us-central1-api: 1 --> 0 {"metadata":{"emulator":{"name":"functions"},"message":"[worker-pool] Cleaned up workers for us-central1-api: 1 --> 0"}}
[info] i  functions: Loaded environment variables from .env. 
[debug] [2026-05-19T17:11:20.642Z] [worker-pool] addWorker(us-central1-api) {"metadata":{"emulator":{"name":"functions"},"message":"[worker-pool] addWorker(us-central1-api)"}}
[debug] [2026-05-19T17:11:20.642Z] [worker-pool] Adding worker with key us-central1-api, total=1 {"metadata":{"emulator":{"name":"functions"},"message":"[worker-pool] Adding worker with key us-central1-api, total=1"}}
[debug] [2026-05-19T17:11:20.974Z] [runtime-status] [74479] Resolved module firebase-admin {"declared":true,"installed":true,"version":"12.7.0","resolution":"/home/hixam/realm-explorer/functions/node_modules/firebase-admin/lib/index.js"} {"metadata":{"emulator":{"name":"functions"},"function":{"name":"us-central1-api"},"extension":{},"message":"[runtime-status] [74479] Resolved module firebase-admin {\"declared\":true,\"installed\":true,\"version\":\"12.7.0\",\"resolution\":\"/home/hixam/realm-explorer/functions/node_modules/firebase-admin/lib/index.js\"}"}}
[debug] [2026-05-19T17:11:20.974Z] [runtime-status] [74479] Resolved module firebase-functions {"declared":true,"installed":true,"version":"4.9.0","resolution":"/home/hixam/realm-explorer/functions/node_modules/firebase-functions/lib/v1/index.js"} {"metadata":{"emulator":{"name":"functions"},"function":{"name":"us-central1-api"},"extension":{},"message":"[runtime-status] [74479] Resolved module firebase-functions {\"declared\":true,\"installed\":true,\"version\":\"4.9.0\",\"resolution\":\"/home/hixam/realm-explorer/functions/node_modules/firebase-functions/lib/v1/index.js\"}"}}
[debug] [2026-05-19T17:11:20.975Z] [runtime-status] [74479] Outgoing network have been stubbed. [{"name":"http","status":"mocked"},{"name":"http","status":"mocked"},{"name":"https","status":"mocked"},{"name":"https","status":"mocked"},{"name":"net","status":"mocked"}] {"metadata":{"emulator":{"name":"functions"},"function":{"name":"us-central1-api"},"extension":{},"message":"[runtime-status] [74479] Outgoing network have been stubbed. [{\"name\":\"http\",\"status\":\"mocked\"},{\"name\":\"http\",\"status\":\"mocked\"},{\"name\":\"https\",\"status\":\"mocked\"},{\"name\":\"https\",\"status\":\"mocked\"},{\"name\":\"net\",\"status\":\"mocked\"}]"}}
[debug] [2026-05-19T17:11:20.975Z] [runtime-status] [74479] Resolved module firebase-functions {"declared":true,"installed":true,"version":"4.9.0","resolution":"/home/hixam/realm-explorer/functions/node_modules/firebase-functions/lib/v1/index.js"} {"metadata":{"emulator":{"name":"functions"},"function":{"name":"us-central1-api"},"extension":{},"message":"[runtime-status] [74479] Resolved module firebase-functions {\"declared\":true,\"installed\":true,\"version\":\"4.9.0\",\"resolution\":\"/home/hixam/realm-explorer/functions/node_modules/firebase-functions/lib/v1/index.js\"}"}}
[debug] [2026-05-19T17:11:21.009Z] [runtime-status] [74479] Resolved module firebase-admin {"declared":true,"installed":true,"version":"12.7.0","resolution":"/home/hixam/realm-explorer/functions/node_modules/firebase-admin/lib/index.js"} {"metadata":{"emulator":{"name":"functions"},"function":{"name":"us-central1-api"},"extension":{},"message":"[runtime-status] [74479] Resolved module firebase-admin {\"declared\":true,\"installed\":true,\"version\":\"12.7.0\",\"resolution\":\"/home/hixam/realm-explorer/functions/node_modules/firebase-admin/lib/index.js\"}"}}
[debug] [2026-05-19T17:11:21.010Z] [runtime-status] [74479] Resolved module firebase-functions {"declared":true,"installed":true,"version":"4.9.0","resolution":"/home/hixam/realm-explorer/functions/node_modules/firebase-functions/lib/v1/index.js"} {"metadata":{"emulator":{"name":"functions"},"function":{"name":"us-central1-api"},"extension":{},"message":"[runtime-status] [74479] Resolved module firebase-functions {\"declared\":true,\"installed\":true,\"version\":\"4.9.0\",\"resolution\":\"/home/hixam/realm-explorer/functions/node_modules/firebase-functions/lib/v1/index.js\"}"}}
[debug] [2026-05-19T17:11:21.056Z] [runtime-status] [74479] firebase-admin has been stubbed. {"adminResolution":{"declared":true,"installed":true,"version":"12.7.0","resolution":"/home/hixam/realm-explorer/functions/node_modules/firebase-admin/lib/index.js"}} {"metadata":{"emulator":{"name":"functions"},"function":{"name":"us-central1-api"},"extension":{},"message":"[runtime-status] [74479] firebase-admin has been stubbed. {\"adminResolution\":{\"declared\":true,\"installed\":true,\"version\":\"12.7.0\",\"resolution\":\"/home/hixam/realm-explorer/functions/node_modules/firebase-admin/lib/index.js\"}}"}}
[debug] [2026-05-19T17:11:21.077Z] [runtime-status] [74479] initializeApp(DEFAULT) {"storageBucket":"demo-realm-explorer.appspot.com","databaseURL":"https://demo-realm-explorer.firebaseio.com","projectId":"demo-realm-explorer"} {"metadata":{"emulator":{"name":"functions"},"function":{"name":"us-central1-api"},"extension":{},"message":"[runtime-status] [74479] initializeApp(DEFAULT) {\"storageBucket\":\"demo-realm-explorer.appspot.com\",\"databaseURL\":\"https://demo-realm-explorer.firebaseio.com\",\"projectId\":\"demo-realm-explorer\"}"}}
[debug] [2026-05-19T17:11:21.085Z] [runtime-status] [74479] Functions runtime initialized. {"cwd":"/home/hixam/realm-explorer/functions","node_version":"26.1.0"} {"metadata":{"emulator":{"name":"functions"},"function":{"name":"us-central1-api"},"extension":{},"message":"[runtime-status] [74479] Functions runtime initialized. {\"cwd\":\"/home/hixam/realm-explorer/functions\",\"node_version\":\"26.1.0\"}"}}
[debug] [2026-05-19T17:11:21.085Z] [runtime-status] [74479] Listening to port: /tmp/fire_emu_9422421554e1b455.sock {"metadata":{"emulator":{"name":"functions"},"function":{"name":"us-central1-api"},"extension":{},"message":"[runtime-status] [74479] Listening to port: /tmp/fire_emu_9422421554e1b455.sock"}}
[debug] [2026-05-19T17:11:21.149Z] [worker-us-central1-api-3009f882-adc7-49da-b7e9-84ed6e8dc700]: IDLE {"metadata":{"emulator":{"name":"functions"},"function":{"name":"us-central1-api"},"extension":{},"message":"[worker-us-central1-api-3009f882-adc7-49da-b7e9-84ed6e8dc700]: IDLE"}}
[debug] [2026-05-19T17:11:21.150Z] [worker-pool] submitRequest(triggerId=us-central1-api) {"metadata":{"emulator":{"name":"functions"},"message":"[worker-pool] submitRequest(triggerId=us-central1-api)"}}
[info] i  functions: Beginning execution of "us-central1-api" {"metadata":{"emulator":{"name":"functions"},"function":{"name":"us-central1-api"},"extension":{},"message":"Beginning execution of \"us-central1-api\""}}
[debug] [2026-05-19T17:11:21.150Z] [worker-us-central1-api-3009f882-adc7-49da-b7e9-84ed6e8dc700]: BUSY {"metadata":{"emulator":{"name":"functions"},"function":{"name":"us-central1-api"},"extension":{},"message":"[worker-us-central1-api-3009f882-adc7-49da-b7e9-84ed6e8dc700]: BUSY"}}
[debug] [2026-05-19T17:11:21.153Z] Finishing up request with event=finish {"metadata":{"emulator":{"name":"functions"},"function":{"name":"us-central1-api"},"extension":{},"message":"Finishing up request with event=finish"}}
[info] i  functions: Finished "us-central1-api" in 3.484966ms {"metadata":{"emulator":{"name":"functions"},"function":{"name":"us-central1-api"},"extension":{},"message":"Finished \"us-central1-api\" in 3.484966ms"}}
[debug] [2026-05-19T17:11:21.153Z] [worker-us-central1-api-3009f882-adc7-49da-b7e9-84ed6e8dc700]: IDLE {"metadata":{"emulator":{"name":"functions"},"function":{"name":"us-central1-api"},"extension":{},"message":"[worker-us-central1-api-3009f882-adc7-49da-b7e9-84ed6e8dc700]: IDLE"}}
[debug] [2026-05-19T17:11:21.153Z] Finishing up request with event=close {"metadata":{"emulator":{"name":"functions"},"function":{"name":"us-central1-api"},"extension":{},"message":"Finishing up request with event=close"}}
[debug] [2026-05-19T17:11:21.154Z] [work-queue] {"queuedWork":[],"queueLength":0,"runningWork":[],"workRunningCount":0}
[debug] [2026-05-19T17:11:21.167Z] [work-queue] {"queuedWork":["/demo-realm-explorer/us-central1/api/v1/run-2026-05-19T17:11:21.167Z"],"queueLength":1,"runningWork":[],"workRunningCount":0}
[debug] [2026-05-19T17:11:21.167Z] [work-queue] {"queuedWork":[],"queueLength":0,"runningWork":["/demo-realm-explorer/us-central1/api/v1/run-2026-05-19T17:11:21.167Z"],"workRunningCount":1}
[debug] [2026-05-19T17:11:21.167Z] Accepted request POST /demo-realm-explorer/us-central1/api/v1/run --> us-central1-api
[debug] [2026-05-19T17:11:21.167Z] [functions] Runtime ready! Sending request! {"metadata":{"emulator":{"name":"functions"},"message":"[functions] Runtime ready! Sending request!"}}
[debug] [2026-05-19T17:11:21.167Z] [functions] Got req.url=/demo-realm-explorer/us-central1/api/v1/run, mapping to path=/v1/run {"metadata":{"emulator":{"name":"functions"},"message":"[functions] Got req.url=/demo-realm-explorer/us-central1/api/v1/run, mapping to path=/v1/run"}}
[debug] [2026-05-19T17:11:21.167Z] [worker-pool] submitRequest(triggerId=us-central1-api) {"metadata":{"emulator":{"name":"functions"},"message":"[worker-pool] submitRequest(triggerId=us-central1-api)"}}
[info] i  functions: Beginning execution of "us-central1-api" {"metadata":{"emulator":{"name":"functions"},"function":{"name":"us-central1-api"},"extension":{},"message":"Beginning execution of \"us-central1-api\""}}
[debug] [2026-05-19T17:11:21.167Z] [worker-us-central1-api-3009f882-adc7-49da-b7e9-84ed6e8dc700]: BUSY {"metadata":{"emulator":{"name":"functions"},"function":{"name":"us-central1-api"},"extension":{},"message":"[worker-us-central1-api-3009f882-adc7-49da-b7e9-84ed6e8dc700]: BUSY"}}
[info] >  [ErrorHandler] POST /v1/run — Cannot read properties of undefined (reading 'serverTimestamp') {"user":"[ErrorHandler] POST /v1/run — Cannot read properties of undefined (reading 'serverTimestamp')","metadata":{"emulator":{"name":"functions"},"function":{"name":"us-central1-api"},"extension":{},"message":">  [ErrorHandler] POST /v1/run — Cannot read properties of undefined (reading 'serverTimestamp')"}}
[debug] [2026-05-19T17:11:21.175Z] Finishing up request with event=finish {"metadata":{"emulator":{"name":"functions"},"function":{"name":"us-central1-api"},"extension":{},"message":"Finishing up request with event=finish"}}
[info] i  functions: Finished "us-central1-api" in 7.532841ms {"metadata":{"emulator":{"name":"functions"},"function":{"name":"us-central1-api"},"extension":{},"message":"Finished \"us-central1-api\" in 7.532841ms"}}
[debug] [2026-05-19T17:11:21.175Z] [worker-us-central1-api-3009f882-adc7-49da-b7e9-84ed6e8dc700]: IDLE {"metadata":{"emulator":{"name":"functions"},"function":{"name":"us-central1-api"},"extension":{},"message":"[worker-us-central1-api-3009f882-adc7-49da-b7e9-84ed6e8dc700]: IDLE"}}
[debug] [2026-05-19T17:11:21.175Z] Finishing up request with event=close {"metadata":{"emulator":{"name":"functions"},"function":{"name":"us-central1-api"},"extension":{},"message":"Finishing up request with event=close"}}
[debug] [2026-05-19T17:11:21.175Z] [work-queue] {"queuedWork":[],"queueLength":0,"runningWork":[],"workRunningCount":0}
[debug] [2026-05-19T17:12:33.983Z] File /home/hixam/realm-explorer/functions/firebase-init.js changed, reloading triggers {"metadata":{"emulator":{"name":"functions"},"message":"File /home/hixam/realm-explorer/functions/firebase-init.js changed, reloading triggers"}}
[debug] [2026-05-19T17:12:34.987Z] Validating nodejs source
[warn] ⚠  functions: package.json indicates an outdated version of firebase-functions. Please upgrade using npm install --save firebase-functions@latest in your functions directory. 
[warn] ⚠  functions: Please note that there will be breaking changes when you upgrade. 
[debug] [2026-05-19T17:12:35.753Z] > [functions] package.json contents: {
  "name": "realm-explorer-functions",
  "version": "1.0.0",
  "main": "index.js",
  "engines": {
    "node": "20"
  },
  "scripts": {
    "dev": "firebase emulators:start --only functions,firestore",
    "deploy:key": "firebase functions:config:set gemini.key=\"$(grep GEMINI_API_KEY .env | cut -d '=' -f2)\"",
    "verify:key": "firebase functions:config:get | grep gemini"
  },
  "dependencies": {
    "firebase-functions": "^4.0.0",
    "firebase-admin": "^12.0.0",
    "@google/generative-ai": "^0.21.0",
    "express": "^4.18.0",
    "cors": "^2.8.5",
    "uuid": "^9.0.0",
    "dotenv": "^16.0.0"
  }
}
[debug] [2026-05-19T17:12:35.753Z] Building nodejs source
[debug] [2026-05-19T17:12:35.753Z] Failed to find version of module node: reached end of search path /home/hixam/realm-explorer/functions/node_modules
[warn] ⚠  functions: Your requested "node" version "20" doesn't match your global version "26". Using node@26 from host. 
[info] i  functions: Loaded environment variables from .env. 
[info] i  functions: You are using a version of firebase-functions SDK (4.9.0) that does not have support for the newest Firebase Extensions features. Please update firebase-functions SDK to >=5.1.0 to use them correctly 
[debug] [2026-05-19T17:12:35.754Z] Could not find functions.yaml. Must use http discovery
[debug] [2026-05-19T17:12:35.755Z] Found firebase-functions binary at '/home/hixam/realm-explorer/functions/node_modules/.bin/firebase-functions'
[info] Serving at port 8352

[debug] [2026-05-19T17:12:35.959Z] Got response from /__/functions.yaml {"endpoints":{"api":{"platform":"gcfv1","availableMemoryMb":null,"timeoutSeconds":null,"minInstances":null,"maxInstances":null,"ingressSettings":null,"serviceAccountEmail":null,"vpc":null,"httpsTrigger":{},"entryPoint":"api"}},"specVersion":"v1alpha1","requiredAPIs":[]}
[info] ✔  functions: Loaded functions definitions from source: api. {"metadata":{"emulator":{"name":"functions"},"message":"Loaded functions definitions from source: api."}}
[debug] [2026-05-19T17:12:39.971Z] [worker-pool] Shutting down IDLE worker (us-central1-api) {"metadata":{"emulator":{"name":"functions"},"message":"[worker-pool] Shutting down IDLE worker (us-central1-api)"}}
[debug] [2026-05-19T17:12:39.971Z] [worker-us-central1-api-3009f882-adc7-49da-b7e9-84ed6e8dc700]: FINISHING {"metadata":{"emulator":{"name":"functions"},"function":{"name":"us-central1-api"},"extension":{},"message":"[worker-us-central1-api-3009f882-adc7-49da-b7e9-84ed6e8dc700]: FINISHING"}}
[debug] [2026-05-19T17:12:39.978Z] [worker-us-central1-api-3009f882-adc7-49da-b7e9-84ed6e8dc700]: exited {"metadata":{"emulator":{"name":"functions"},"function":{"name":"us-central1-api"},"extension":{},"message":"[worker-us-central1-api-3009f882-adc7-49da-b7e9-84ed6e8dc700]: exited"}}
[debug] [2026-05-19T17:12:39.978Z] [worker-us-central1-api-3009f882-adc7-49da-b7e9-84ed6e8dc700]: FINISHED {"metadata":{"emulator":{"name":"functions"},"function":{"name":"us-central1-api"},"extension":{},"message":"[worker-us-central1-api-3009f882-adc7-49da-b7e9-84ed6e8dc700]: FINISHED"}}
[debug] [2026-05-19T17:12:51.390Z] File /home/hixam/realm-explorer/functions/services/firestoreService.js changed, reloading triggers {"metadata":{"emulator":{"name":"functions"},"message":"File /home/hixam/realm-explorer/functions/services/firestoreService.js changed, reloading triggers"}}
[debug] [2026-05-19T17:12:52.395Z] Validating nodejs source
[warn] ⚠  functions: package.json indicates an outdated version of firebase-functions. Please upgrade using npm install --save firebase-functions@latest in your functions directory. 
[warn] ⚠  functions: Please note that there will be breaking changes when you upgrade. 
[debug] [2026-05-19T17:12:53.357Z] > [functions] package.json contents: {
  "name": "realm-explorer-functions",
  "version": "1.0.0",
  "main": "index.js",
  "engines": {
    "node": "20"
  },
  "scripts": {
    "dev": "firebase emulators:start --only functions,firestore",
    "deploy:key": "firebase functions:config:set gemini.key=\"$(grep GEMINI_API_KEY .env | cut -d '=' -f2)\"",
    "verify:key": "firebase functions:config:get | grep gemini"
  },
  "dependencies": {
    "firebase-functions": "^4.0.0",
    "firebase-admin": "^12.0.0",
    "@google/generative-ai": "^0.21.0",
    "express": "^4.18.0",
    "cors": "^2.8.5",
    "uuid": "^9.0.0",
    "dotenv": "^16.0.0"
  }
}
[debug] [2026-05-19T17:12:53.357Z] Building nodejs source
[debug] [2026-05-19T17:12:53.357Z] Failed to find version of module node: reached end of search path /home/hixam/realm-explorer/functions/node_modules
[warn] ⚠  functions: Your requested "node" version "20" doesn't match your global version "26". Using node@26 from host. 
[info] i  functions: Loaded environment variables from .env. 
[info] i  functions: You are using a version of firebase-functions SDK (4.9.0) that does not have support for the newest Firebase Extensions features. Please update firebase-functions SDK to >=5.1.0 to use them correctly 
[debug] [2026-05-19T17:12:53.357Z] Could not find functions.yaml. Must use http discovery
[debug] [2026-05-19T17:12:53.358Z] Found firebase-functions binary at '/home/hixam/realm-explorer/functions/node_modules/.bin/firebase-functions'
[info] Serving at port 8522

[debug] [2026-05-19T17:12:53.598Z] Got response from /__/functions.yaml {"endpoints":{"api":{"platform":"gcfv1","availableMemoryMb":null,"timeoutSeconds":null,"minInstances":null,"maxInstances":null,"ingressSettings":null,"serviceAccountEmail":null,"vpc":null,"httpsTrigger":{},"entryPoint":"api"}},"specVersion":"v1alpha1","requiredAPIs":[]}
[info] ✔  functions: Loaded functions definitions from source: api. {"metadata":{"emulator":{"name":"functions"},"message":"Loaded functions definitions from source: api."}}
[debug] [2026-05-19T17:13:21.699Z] File /home/hixam/realm-explorer/functions/services/firestoreService.js changed, reloading triggers {"metadata":{"emulator":{"name":"functions"},"message":"File /home/hixam/realm-explorer/functions/services/firestoreService.js changed, reloading triggers"}}
[debug] [2026-05-19T17:13:22.703Z] Validating nodejs source
[warn] ⚠  functions: package.json indicates an outdated version of firebase-functions. Please upgrade using npm install --save firebase-functions@latest in your functions directory. 
[warn] ⚠  functions: Please note that there will be breaking changes when you upgrade. 
[debug] [2026-05-19T17:13:23.502Z] > [functions] package.json contents: {
  "name": "realm-explorer-functions",
  "version": "1.0.0",
  "main": "index.js",
  "engines": {
    "node": "20"
  },
  "scripts": {
    "dev": "firebase emulators:start --only functions,firestore",
    "deploy:key": "firebase functions:config:set gemini.key=\"$(grep GEMINI_API_KEY .env | cut -d '=' -f2)\"",
    "verify:key": "firebase functions:config:get | grep gemini"
  },
  "dependencies": {
    "firebase-functions": "^4.0.0",
    "firebase-admin": "^12.0.0",
    "@google/generative-ai": "^0.21.0",
    "express": "^4.18.0",
    "cors": "^2.8.5",
    "uuid": "^9.0.0",
    "dotenv": "^16.0.0"
  }
}
[debug] [2026-05-19T17:13:23.502Z] Building nodejs source
[debug] [2026-05-19T17:13:23.502Z] Failed to find version of module node: reached end of search path /home/hixam/realm-explorer/functions/node_modules
[warn] ⚠  functions: Your requested "node" version "20" doesn't match your global version "26". Using node@26 from host. 
[info] i  functions: Loaded environment variables from .env. 
[info] i  functions: You are using a version of firebase-functions SDK (4.9.0) that does not have support for the newest Firebase Extensions features. Please update firebase-functions SDK to >=5.1.0 to use them correctly 
[debug] [2026-05-19T17:13:23.503Z] Could not find functions.yaml. Must use http discovery
[debug] [2026-05-19T17:13:23.503Z] Found firebase-functions binary at '/home/hixam/realm-explorer/functions/node_modules/.bin/firebase-functions'
[info] Serving at port 8058

[debug] [2026-05-19T17:13:23.683Z] Got response from /__/functions.yaml {"endpoints":{"api":{"platform":"gcfv1","availableMemoryMb":null,"timeoutSeconds":null,"minInstances":null,"maxInstances":null,"ingressSettings":null,"serviceAccountEmail":null,"vpc":null,"httpsTrigger":{},"entryPoint":"api"}},"specVersion":"v1alpha1","requiredAPIs":[]}
[info] ✔  functions: Loaded functions definitions from source: api. {"metadata":{"emulator":{"name":"functions"},"message":"Loaded functions definitions from source: api."}}
[debug] [2026-05-19T17:13:51.766Z] [work-queue] {"queuedWork":["/demo-realm-explorer/us-central1/api/v1/health-2026-05-19T17:13:51.766Z"],"queueLength":1,"runningWork":[],"workRunningCount":0}
[debug] [2026-05-19T17:13:51.766Z] [work-queue] {"queuedWork":[],"queueLength":0,"runningWork":["/demo-realm-explorer/us-central1/api/v1/health-2026-05-19T17:13:51.766Z"],"workRunningCount":1}
[debug] [2026-05-19T17:13:51.766Z] Accepted request GET /demo-realm-explorer/us-central1/api/v1/health --> us-central1-api
[debug] [2026-05-19T17:13:51.766Z] [functions] Runtime ready! Sending request! {"metadata":{"emulator":{"name":"functions"},"message":"[functions] Runtime ready! Sending request!"}}
[debug] [2026-05-19T17:13:51.767Z] [functions] Got req.url=/demo-realm-explorer/us-central1/api/v1/health, mapping to path=/v1/health {"metadata":{"emulator":{"name":"functions"},"message":"[functions] Got req.url=/demo-realm-explorer/us-central1/api/v1/health, mapping to path=/v1/health"}}
[debug] [2026-05-19T17:13:51.767Z] [worker-pool] Cleaned up workers for us-central1-api: 1 --> 0 {"metadata":{"emulator":{"name":"functions"},"message":"[worker-pool] Cleaned up workers for us-central1-api: 1 --> 0"}}
[info] i  functions: Loaded environment variables from .env. 
[debug] [2026-05-19T17:13:51.771Z] [worker-pool] addWorker(us-central1-api) {"metadata":{"emulator":{"name":"functions"},"message":"[worker-pool] addWorker(us-central1-api)"}}
[debug] [2026-05-19T17:13:51.771Z] [worker-pool] Adding worker with key us-central1-api, total=1 {"metadata":{"emulator":{"name":"functions"},"message":"[worker-pool] Adding worker with key us-central1-api, total=1"}}
[debug] [2026-05-19T17:13:52.081Z] [runtime-status] [74998] Resolved module firebase-admin {"declared":true,"installed":true,"version":"12.7.0","resolution":"/home/hixam/realm-explorer/functions/node_modules/firebase-admin/lib/index.js"} {"metadata":{"emulator":{"name":"functions"},"function":{"name":"us-central1-api"},"extension":{},"message":"[runtime-status] [74998] Resolved module firebase-admin {\"declared\":true,\"installed\":true,\"version\":\"12.7.0\",\"resolution\":\"/home/hixam/realm-explorer/functions/node_modules/firebase-admin/lib/index.js\"}"}}
[debug] [2026-05-19T17:13:52.081Z] [runtime-status] [74998] Resolved module firebase-functions {"declared":true,"installed":true,"version":"4.9.0","resolution":"/home/hixam/realm-explorer/functions/node_modules/firebase-functions/lib/v1/index.js"} {"metadata":{"emulator":{"name":"functions"},"function":{"name":"us-central1-api"},"extension":{},"message":"[runtime-status] [74998] Resolved module firebase-functions {\"declared\":true,\"installed\":true,\"version\":\"4.9.0\",\"resolution\":\"/home/hixam/realm-explorer/functions/node_modules/firebase-functions/lib/v1/index.js\"}"}}
[debug] [2026-05-19T17:13:52.082Z] [runtime-status] [74998] Outgoing network have been stubbed. [{"name":"http","status":"mocked"},{"name":"http","status":"mocked"},{"name":"https","status":"mocked"},{"name":"https","status":"mocked"},{"name":"net","status":"mocked"}] {"metadata":{"emulator":{"name":"functions"},"function":{"name":"us-central1-api"},"extension":{},"message":"[runtime-status] [74998] Outgoing network have been stubbed. [{\"name\":\"http\",\"status\":\"mocked\"},{\"name\":\"http\",\"status\":\"mocked\"},{\"name\":\"https\",\"status\":\"mocked\"},{\"name\":\"https\",\"status\":\"mocked\"},{\"name\":\"net\",\"status\":\"mocked\"}]"}}
[debug] [2026-05-19T17:13:52.082Z] [runtime-status] [74998] Resolved module firebase-functions {"declared":true,"installed":true,"version":"4.9.0","resolution":"/home/hixam/realm-explorer/functions/node_modules/firebase-functions/lib/v1/index.js"} {"metadata":{"emulator":{"name":"functions"},"function":{"name":"us-central1-api"},"extension":{},"message":"[runtime-status] [74998] Resolved module firebase-functions {\"declared\":true,\"installed\":true,\"version\":\"4.9.0\",\"resolution\":\"/home/hixam/realm-explorer/functions/node_modules/firebase-functions/lib/v1/index.js\"}"}}
[debug] [2026-05-19T17:13:52.117Z] [runtime-status] [74998] Resolved module firebase-admin {"declared":true,"installed":true,"version":"12.7.0","resolution":"/home/hixam/realm-explorer/functions/node_modules/firebase-admin/lib/index.js"} {"metadata":{"emulator":{"name":"functions"},"function":{"name":"us-central1-api"},"extension":{},"message":"[runtime-status] [74998] Resolved module firebase-admin {\"declared\":true,\"installed\":true,\"version\":\"12.7.0\",\"resolution\":\"/home/hixam/realm-explorer/functions/node_modules/firebase-admin/lib/index.js\"}"}}
[debug] [2026-05-19T17:13:52.118Z] [runtime-status] [74998] Resolved module firebase-functions {"declared":true,"installed":true,"version":"4.9.0","resolution":"/home/hixam/realm-explorer/functions/node_modules/firebase-functions/lib/v1/index.js"} {"metadata":{"emulator":{"name":"functions"},"function":{"name":"us-central1-api"},"extension":{},"message":"[runtime-status] [74998] Resolved module firebase-functions {\"declared\":true,\"installed\":true,\"version\":\"4.9.0\",\"resolution\":\"/home/hixam/realm-explorer/functions/node_modules/firebase-functions/lib/v1/index.js\"}"}}
[debug] [2026-05-19T17:13:52.165Z] [runtime-status] [74998] firebase-admin has been stubbed. {"adminResolution":{"declared":true,"installed":true,"version":"12.7.0","resolution":"/home/hixam/realm-explorer/functions/node_modules/firebase-admin/lib/index.js"}} {"metadata":{"emulator":{"name":"functions"},"function":{"name":"us-central1-api"},"extension":{},"message":"[runtime-status] [74998] firebase-admin has been stubbed. {\"adminResolution\":{\"declared\":true,\"installed\":true,\"version\":\"12.7.0\",\"resolution\":\"/home/hixam/realm-explorer/functions/node_modules/firebase-admin/lib/index.js\"}}"}}
[debug] [2026-05-19T17:13:52.189Z] [runtime-status] [74998] initializeApp(DEFAULT) {"storageBucket":"demo-realm-explorer.appspot.com","databaseURL":"https://demo-realm-explorer.firebaseio.com","projectId":"demo-realm-explorer"} {"metadata":{"emulator":{"name":"functions"},"function":{"name":"us-central1-api"},"extension":{},"message":"[runtime-status] [74998] initializeApp(DEFAULT) {\"storageBucket\":\"demo-realm-explorer.appspot.com\",\"databaseURL\":\"https://demo-realm-explorer.firebaseio.com\",\"projectId\":\"demo-realm-explorer\"}"}}
[debug] [2026-05-19T17:13:52.198Z] [runtime-status] [74998] Functions runtime initialized. {"cwd":"/home/hixam/realm-explorer/functions","node_version":"26.1.0"} {"metadata":{"emulator":{"name":"functions"},"function":{"name":"us-central1-api"},"extension":{},"message":"[runtime-status] [74998] Functions runtime initialized. {\"cwd\":\"/home/hixam/realm-explorer/functions\",\"node_version\":\"26.1.0\"}"}}
[debug] [2026-05-19T17:13:52.198Z] [runtime-status] [74998] Listening to port: /tmp/fire_emu_c5f159d73b58101d.sock {"metadata":{"emulator":{"name":"functions"},"function":{"name":"us-central1-api"},"extension":{},"message":"[runtime-status] [74998] Listening to port: /tmp/fire_emu_c5f159d73b58101d.sock"}}
[debug] [2026-05-19T17:13:52.279Z] [worker-us-central1-api-8b67bfc2-3a89-4476-ba24-424a6edb7ee3]: IDLE {"metadata":{"emulator":{"name":"functions"},"function":{"name":"us-central1-api"},"extension":{},"message":"[worker-us-central1-api-8b67bfc2-3a89-4476-ba24-424a6edb7ee3]: IDLE"}}
[debug] [2026-05-19T17:13:52.279Z] [worker-pool] submitRequest(triggerId=us-central1-api) {"metadata":{"emulator":{"name":"functions"},"message":"[worker-pool] submitRequest(triggerId=us-central1-api)"}}
[info] i  functions: Beginning execution of "us-central1-api" {"metadata":{"emulator":{"name":"functions"},"function":{"name":"us-central1-api"},"extension":{},"message":"Beginning execution of \"us-central1-api\""}}
[debug] [2026-05-19T17:13:52.279Z] [worker-us-central1-api-8b67bfc2-3a89-4476-ba24-424a6edb7ee3]: BUSY {"metadata":{"emulator":{"name":"functions"},"function":{"name":"us-central1-api"},"extension":{},"message":"[worker-us-central1-api-8b67bfc2-3a89-4476-ba24-424a6edb7ee3]: BUSY"}}
[debug] [2026-05-19T17:13:52.283Z] Finishing up request with event=finish {"metadata":{"emulator":{"name":"functions"},"function":{"name":"us-central1-api"},"extension":{},"message":"Finishing up request with event=finish"}}
[info] i  functions: Finished "us-central1-api" in 4.279974ms {"metadata":{"emulator":{"name":"functions"},"function":{"name":"us-central1-api"},"extension":{},"message":"Finished \"us-central1-api\" in 4.279974ms"}}
[debug] [2026-05-19T17:13:52.284Z] [worker-us-central1-api-8b67bfc2-3a89-4476-ba24-424a6edb7ee3]: IDLE {"metadata":{"emulator":{"name":"functions"},"function":{"name":"us-central1-api"},"extension":{},"message":"[worker-us-central1-api-8b67bfc2-3a89-4476-ba24-424a6edb7ee3]: IDLE"}}
[debug] [2026-05-19T17:13:52.284Z] Finishing up request with event=close {"metadata":{"emulator":{"name":"functions"},"function":{"name":"us-central1-api"},"extension":{},"message":"Finishing up request with event=close"}}
[debug] [2026-05-19T17:13:52.284Z] [work-queue] {"queuedWork":[],"queueLength":0,"runningWork":[],"workRunningCount":0}
[debug] [2026-05-19T17:13:52.290Z] [work-queue] {"queuedWork":["/demo-realm-explorer/us-central1/api/v1/run-2026-05-19T17:13:52.290Z"],"queueLength":1,"runningWork":[],"workRunningCount":0}
[debug] [2026-05-19T17:13:52.290Z] [work-queue] {"queuedWork":[],"queueLength":0,"runningWork":["/demo-realm-explorer/us-central1/api/v1/run-2026-05-19T17:13:52.290Z"],"workRunningCount":1}
[debug] [2026-05-19T17:13:52.290Z] Accepted request POST /demo-realm-explorer/us-central1/api/v1/run --> us-central1-api
[debug] [2026-05-19T17:13:52.290Z] [functions] Runtime ready! Sending request! {"metadata":{"emulator":{"name":"functions"},"message":"[functions] Runtime ready! Sending request!"}}
[debug] [2026-05-19T17:13:52.290Z] [functions] Got req.url=/demo-realm-explorer/us-central1/api/v1/run, mapping to path=/v1/run {"metadata":{"emulator":{"name":"functions"},"message":"[functions] Got req.url=/demo-realm-explorer/us-central1/api/v1/run, mapping to path=/v1/run"}}
[debug] [2026-05-19T17:13:52.290Z] [worker-pool] submitRequest(triggerId=us-central1-api) {"metadata":{"emulator":{"name":"functions"},"message":"[worker-pool] submitRequest(triggerId=us-central1-api)"}}
[info] i  functions: Beginning execution of "us-central1-api" {"metadata":{"emulator":{"name":"functions"},"function":{"name":"us-central1-api"},"extension":{},"message":"Beginning execution of \"us-central1-api\""}}
[debug] [2026-05-19T17:13:52.290Z] [worker-us-central1-api-8b67bfc2-3a89-4476-ba24-424a6edb7ee3]: BUSY {"metadata":{"emulator":{"name":"functions"},"function":{"name":"us-central1-api"},"extension":{},"message":"[worker-us-central1-api-8b67bfc2-3a89-4476-ba24-424a6edb7ee3]: BUSY"}}
[debug] [2026-05-19T17:13:52.471Z] May 19, 2026 10:13:52 PM io.gapi.emulators.netty.HttpVersionRoutingHandler channelRead
INFO: Detected HTTP/2 connection.
 {"metadata":{"emulator":{"name":"firestore"},"message":"May 19, 2026 10:13:52 PM io.gapi.emulators.netty.HttpVersionRoutingHandler channelRead\nINFO: Detected HTTP/2 connection.\n"}}
[debug] [2026-05-19T17:13:52.506Z] May 19, 2026 10:13:52 PM io.grpc.netty.TcpMetrics loadEpollInfo
INFO: Epoll available during static init of TcpMetrics:false
 {"metadata":{"emulator":{"name":"firestore"},"message":"May 19, 2026 10:13:52 PM io.grpc.netty.TcpMetrics loadEpollInfo\nINFO: Epoll available during static init of TcpMetrics:false\n"}}
[debug] [2026-05-19T17:13:53.038Z] Finishing up request with event=finish {"metadata":{"emulator":{"name":"functions"},"function":{"name":"us-central1-api"},"extension":{},"message":"Finishing up request with event=finish"}}
[info] i  functions: Finished "us-central1-api" in 747.792013ms {"metadata":{"emulator":{"name":"functions"},"function":{"name":"us-central1-api"},"extension":{},"message":"Finished \"us-central1-api\" in 747.792013ms"}}
[debug] [2026-05-19T17:13:53.038Z] [worker-us-central1-api-8b67bfc2-3a89-4476-ba24-424a6edb7ee3]: IDLE {"metadata":{"emulator":{"name":"functions"},"function":{"name":"us-central1-api"},"extension":{},"message":"[worker-us-central1-api-8b67bfc2-3a89-4476-ba24-424a6edb7ee3]: IDLE"}}
[debug] [2026-05-19T17:13:53.038Z] Finishing up request with event=close {"metadata":{"emulator":{"name":"functions"},"function":{"name":"us-central1-api"},"extension":{},"message":"Finishing up request with event=close"}}
[debug] [2026-05-19T17:13:53.039Z] [work-queue] {"queuedWork":[],"queueLength":0,"runningWork":[],"workRunningCount":0}
[debug] [2026-05-19T17:14:08.044Z] [work-queue] {"queuedWork":["/demo-realm-explorer/us-central1/api/v1/dm-2026-05-19T17:14:08.044Z"],"queueLength":1,"runningWork":[],"workRunningCount":0}
[debug] [2026-05-19T17:14:08.044Z] [work-queue] {"queuedWork":[],"queueLength":0,"runningWork":["/demo-realm-explorer/us-central1/api/v1/dm-2026-05-19T17:14:08.044Z"],"workRunningCount":1}
[debug] [2026-05-19T17:14:08.044Z] Accepted request POST /demo-realm-explorer/us-central1/api/v1/dm --> us-central1-api
[debug] [2026-05-19T17:14:08.044Z] [functions] Runtime ready! Sending request! {"metadata":{"emulator":{"name":"functions"},"message":"[functions] Runtime ready! Sending request!"}}
[debug] [2026-05-19T17:14:08.045Z] [functions] Got req.url=/demo-realm-explorer/us-central1/api/v1/dm, mapping to path=/v1/dm {"metadata":{"emulator":{"name":"functions"},"message":"[functions] Got req.url=/demo-realm-explorer/us-central1/api/v1/dm, mapping to path=/v1/dm"}}
[debug] [2026-05-19T17:14:08.045Z] [worker-pool] submitRequest(triggerId=us-central1-api) {"metadata":{"emulator":{"name":"functions"},"message":"[worker-pool] submitRequest(triggerId=us-central1-api)"}}
[info] i  functions: Beginning execution of "us-central1-api" {"metadata":{"emulator":{"name":"functions"},"function":{"name":"us-central1-api"},"extension":{},"message":"Beginning execution of \"us-central1-api\""}}
[debug] [2026-05-19T17:14:08.045Z] [worker-us-central1-api-8b67bfc2-3a89-4476-ba24-424a6edb7ee3]: BUSY {"metadata":{"emulator":{"name":"functions"},"function":{"name":"us-central1-api"},"extension":{},"message":"[worker-us-central1-api-8b67bfc2-3a89-4476-ba24-424a6edb7ee3]: BUSY"}}
[info] >  [ErrorHandler] POST /v1/dm — [GoogleGenerativeAI Error]: Error fetching from https://generativelanguage.googleapis.com/v1beta/models/gemini-2.0-flash:generateContent: [429 ] You exceeded your current quota, please check your plan and billing details. For more information on this error, head to: https://ai.google.dev/gemini-api/docs/rate-limits. To monitor your current usage, head to: https://ai.dev/rate-limit.  {"user":"[ErrorHandler] POST /v1/dm — [GoogleGenerativeAI Error]: Error fetching from https://generativelanguage.googleapis.com/v1beta/models/gemini-2.0-flash:generateContent: [429 ] You exceeded your current quota, please check your plan and billing details. For more information on this error, head to: https://ai.google.dev/gemini-api/docs/rate-limits. To monitor your current usage, head to: https://ai.dev/rate-limit. ","metadata":{"emulator":{"name":"functions"},"function":{"name":"us-central1-api"},"extension":{},"message":">  [ErrorHandler] POST /v1/dm — [GoogleGenerativeAI Error]: Error fetching from https://generativelanguage.googleapis.com/v1beta/models/gemini-2.0-flash:generateContent: [429 ] You exceeded your current quota, please check your plan and billing details. For more information on this error, head to: https://ai.google.dev/gemini-api/docs/rate-limits. To monitor your current usage, head to: https://ai.dev/rate-limit. "}}
[info] >  * Quota exceeded for metric: generativelanguage.googleapis.com/generate_content_free_tier_requests, limit: 0, model: gemini-2.0-flash {"user":"* Quota exceeded for metric: generativelanguage.googleapis.com/generate_content_free_tier_requests, limit: 0, model: gemini-2.0-flash","metadata":{"emulator":{"name":"functions"},"function":{"name":"us-central1-api"},"extension":{},"message":">  * Quota exceeded for metric: generativelanguage.googleapis.com/generate_content_free_tier_requests, limit: 0, model: gemini-2.0-flash"}}
[info] >  * Quota exceeded for metric: generativelanguage.googleapis.com/generate_content_free_tier_requests, limit: 0, model: gemini-2.0-flash {"user":"* Quota exceeded for metric: generativelanguage.googleapis.com/generate_content_free_tier_requests, limit: 0, model: gemini-2.0-flash","metadata":{"emulator":{"name":"functions"},"function":{"name":"us-central1-api"},"extension":{},"message":">  * Quota exceeded for metric: generativelanguage.googleapis.com/generate_content_free_tier_requests, limit: 0, model: gemini-2.0-flash"}}
[info] >  * Quota exceeded for metric: generativelanguage.googleapis.com/generate_content_free_tier_input_token_count, limit: 0, model: gemini-2.0-flash {"user":"* Quota exceeded for metric: generativelanguage.googleapis.com/generate_content_free_tier_input_token_count, limit: 0, model: gemini-2.0-flash","metadata":{"emulator":{"name":"functions"},"function":{"name":"us-central1-api"},"extension":{},"message":">  * Quota exceeded for metric: generativelanguage.googleapis.com/generate_content_free_tier_input_token_count, limit: 0, model: gemini-2.0-flash"}}
[info] >  Please retry in 51.085929606s. [{"@type":"type.googleapis.com/google.rpc.Help","links":[{"description":"Learn more about Gemini API quotas","url":"https://ai.google.dev/gemini-api/docs/rate-limits"}]},{"@type":"type.googleapis.com/google.rpc.QuotaFailure","violations":[{"quotaMetric":"generativelanguage.googleapis.com/generate_content_free_tier_requests","quotaId":"GenerateRequestsPerDayPerProjectPerModel-FreeTier","quotaDimensions":{"location":"global","model":"gemini-2.0-flash"}},{"quotaMetric":"generativelanguage.googleapis.com/generate_content_free_tier_requests","quotaId":"GenerateRequestsPerMinutePerProjectPerModel-FreeTier","quotaDimensions":{"location":"global","model":"gemini-2.0-flash"}},{"quotaMetric":"generativelanguage.googleapis.com/generate_content_free_tier_input_token_count","quotaId":"GenerateContentInputTokensPerModelPerMinute-FreeTier","quotaDimensions":{"location":"global","model":"gemini-2.0-flash"}}]},{"@type":"type.googleapis.com/google.rpc.RetryInfo","retryDelay":"51s"}] {"user":"Please retry in 51.085929606s. [{\"@type\":\"type.googleapis.com/google.rpc.Help\",\"links\":[{\"description\":\"Learn more about Gemini API quotas\",\"url\":\"https://ai.google.dev/gemini-api/docs/rate-limits\"}]},{\"@type\":\"type.googleapis.com/google.rpc.QuotaFailure\",\"violations\":[{\"quotaMetric\":\"generativelanguage.googleapis.com/generate_content_free_tier_requests\",\"quotaId\":\"GenerateRequestsPerDayPerProjectPerModel-FreeTier\",\"quotaDimensions\":{\"location\":\"global\",\"model\":\"gemini-2.0-flash\"}},{\"quotaMetric\":\"generativelanguage.googleapis.com/generate_content_free_tier_requests\",\"quotaId\":\"GenerateRequestsPerMinutePerProjectPerModel-FreeTier\",\"quotaDimensions\":{\"location\":\"global\",\"model\":\"gemini-2.0-flash\"}},{\"quotaMetric\":\"generativelanguage.googleapis.com/generate_content_free_tier_input_token_count\",\"quotaId\":\"GenerateContentInputTokensPerModelPerMinute-FreeTier\",\"quotaDimensions\":{\"location\":\"global\",\"model\":\"gemini-2.0-flash\"}}]},{\"@type\":\"type.googleapis.com/google.rpc.RetryInfo\",\"retryDelay\":\"51s\"}]","metadata":{"emulator":{"name":"functions"},"function":{"name":"us-central1-api"},"extension":{},"message":">  Please retry in 51.085929606s. [{\"@type\":\"type.googleapis.com/google.rpc.Help\",\"links\":[{\"description\":\"Learn more about Gemini API quotas\",\"url\":\"https://ai.google.dev/gemini-api/docs/rate-limits\"}]},{\"@type\":\"type.googleapis.com/google.rpc.QuotaFailure\",\"violations\":[{\"quotaMetric\":\"generativelanguage.googleapis.com/generate_content_free_tier_requests\",\"quotaId\":\"GenerateRequestsPerDayPerProjectPerModel-FreeTier\",\"quotaDimensions\":{\"location\":\"global\",\"model\":\"gemini-2.0-flash\"}},{\"quotaMetric\":\"generativelanguage.googleapis.com/generate_content_free_tier_requests\",\"quotaId\":\"GenerateRequestsPerMinutePerProjectPerModel-FreeTier\",\"quotaDimensions\":{\"location\":\"global\",\"model\":\"gemini-2.0-flash\"}},{\"quotaMetric\":\"generativelanguage.googleapis.com/generate_content_free_tier_input_token_count\",\"quotaId\":\"GenerateContentInputTokensPerModelPerMinute-FreeTier\",\"quotaDimensions\":{\"location\":\"global\",\"model\":\"gemini-2.0-flash\"}}]},{\"@type\":\"type.googleapis.com/google.rpc.RetryInfo\",\"retryDelay\":\"51s\"}]"}}
[debug] [2026-05-19T17:14:09.012Z] Finishing up request with event=finish {"metadata":{"emulator":{"name":"functions"},"function":{"name":"us-central1-api"},"extension":{},"message":"Finishing up request with event=finish"}}
[info] i  functions: Finished "us-central1-api" in 967.068145ms {"metadata":{"emulator":{"name":"functions"},"function":{"name":"us-central1-api"},"extension":{},"message":"Finished \"us-central1-api\" in 967.068145ms"}}
[debug] [2026-05-19T17:14:09.012Z] [worker-us-central1-api-8b67bfc2-3a89-4476-ba24-424a6edb7ee3]: IDLE {"metadata":{"emulator":{"name":"functions"},"function":{"name":"us-central1-api"},"extension":{},"message":"[worker-us-central1-api-8b67bfc2-3a89-4476-ba24-424a6edb7ee3]: IDLE"}}
[debug] [2026-05-19T17:14:09.012Z] Finishing up request with event=close {"metadata":{"emulator":{"name":"functions"},"function":{"name":"us-central1-api"},"extension":{},"message":"Finishing up request with event=close"}}
[debug] [2026-05-19T17:14:09.012Z] [work-queue] {"queuedWork":[],"queueLength":0,"runningWork":[],"workRunningCount":0}
[debug] [2026-05-19T17:14:40.326Z] File /home/hixam/realm-explorer/functions/services/geminiService.js changed, reloading triggers {"metadata":{"emulator":{"name":"functions"},"message":"File /home/hixam/realm-explorer/functions/services/geminiService.js changed, reloading triggers"}}
[debug] [2026-05-19T17:14:41.330Z] Validating nodejs source
[warn] ⚠  functions: package.json indicates an outdated version of firebase-functions. Please upgrade using npm install --save firebase-functions@latest in your functions directory. 
[warn] ⚠  functions: Please note that there will be breaking changes when you upgrade. 
[debug] [2026-05-19T17:14:41.992Z] > [functions] package.json contents: {
  "name": "realm-explorer-functions",
  "version": "1.0.0",
  "main": "index.js",
  "engines": {
    "node": "20"
  },
  "scripts": {
    "dev": "firebase emulators:start --only functions,firestore",
    "deploy:key": "firebase functions:config:set gemini.key=\"$(grep GEMINI_API_KEY .env | cut -d '=' -f2)\"",
    "verify:key": "firebase functions:config:get | grep gemini"
  },
  "dependencies": {
    "firebase-functions": "^4.0.0",
    "firebase-admin": "^12.0.0",
    "@google/generative-ai": "^0.21.0",
    "express": "^4.18.0",
    "cors": "^2.8.5",
    "uuid": "^9.0.0",
    "dotenv": "^16.0.0"
  }
}
[debug] [2026-05-19T17:14:41.992Z] Building nodejs source
[debug] [2026-05-19T17:14:41.992Z] Failed to find version of module node: reached end of search path /home/hixam/realm-explorer/functions/node_modules
[warn] ⚠  functions: Your requested "node" version "20" doesn't match your global version "26". Using node@26 from host. 
[info] i  functions: Loaded environment variables from .env. 
[info] i  functions: You are using a version of firebase-functions SDK (4.9.0) that does not have support for the newest Firebase Extensions features. Please update firebase-functions SDK to >=5.1.0 to use them correctly 
[debug] [2026-05-19T17:14:41.993Z] Could not find functions.yaml. Must use http discovery
[debug] [2026-05-19T17:14:41.994Z] Found firebase-functions binary at '/home/hixam/realm-explorer/functions/node_modules/.bin/firebase-functions'
[info] Serving at port 8232

[debug] [2026-05-19T17:14:42.206Z] Got response from /__/functions.yaml {"endpoints":{"api":{"platform":"gcfv1","availableMemoryMb":null,"timeoutSeconds":null,"minInstances":null,"maxInstances":null,"ingressSettings":null,"serviceAccountEmail":null,"vpc":null,"httpsTrigger":{},"entryPoint":"api"}},"specVersion":"v1alpha1","requiredAPIs":[]}
[info] ✔  functions: Loaded functions definitions from source: api. {"metadata":{"emulator":{"name":"functions"},"message":"Loaded functions definitions from source: api."}}
[debug] [2026-05-19T17:14:46.230Z] [worker-pool] Shutting down IDLE worker (us-central1-api) {"metadata":{"emulator":{"name":"functions"},"message":"[worker-pool] Shutting down IDLE worker (us-central1-api)"}}
[debug] [2026-05-19T17:14:46.230Z] [worker-us-central1-api-8b67bfc2-3a89-4476-ba24-424a6edb7ee3]: FINISHING {"metadata":{"emulator":{"name":"functions"},"function":{"name":"us-central1-api"},"extension":{},"message":"[worker-us-central1-api-8b67bfc2-3a89-4476-ba24-424a6edb7ee3]: FINISHING"}}
[debug] [2026-05-19T17:14:46.237Z] [worker-us-central1-api-8b67bfc2-3a89-4476-ba24-424a6edb7ee3]: exited {"metadata":{"emulator":{"name":"functions"},"function":{"name":"us-central1-api"},"extension":{},"message":"[worker-us-central1-api-8b67bfc2-3a89-4476-ba24-424a6edb7ee3]: exited"}}
[debug] [2026-05-19T17:14:46.237Z] [worker-us-central1-api-8b67bfc2-3a89-4476-ba24-424a6edb7ee3]: FINISHED {"metadata":{"emulator":{"name":"functions"},"function":{"name":"us-central1-api"},"extension":{},"message":"[worker-us-central1-api-8b67bfc2-3a89-4476-ba24-424a6edb7ee3]: FINISHED"}}
[debug] [2026-05-19T17:15:14.321Z] [work-queue] {"queuedWork":["/demo-realm-explorer/us-central1/api/v1/dm-2026-05-19T17:15:14.321Z"],"queueLength":1,"runningWork":[],"workRunningCount":0}
[debug] [2026-05-19T17:15:14.321Z] [work-queue] {"queuedWork":[],"queueLength":0,"runningWork":["/demo-realm-explorer/us-central1/api/v1/dm-2026-05-19T17:15:14.321Z"],"workRunningCount":1}
[debug] [2026-05-19T17:15:14.321Z] Accepted request POST /demo-realm-explorer/us-central1/api/v1/dm --> us-central1-api
[debug] [2026-05-19T17:15:14.321Z] [functions] Runtime ready! Sending request! {"metadata":{"emulator":{"name":"functions"},"message":"[functions] Runtime ready! Sending request!"}}
[debug] [2026-05-19T17:15:14.322Z] [functions] Got req.url=/demo-realm-explorer/us-central1/api/v1/dm, mapping to path=/v1/dm {"metadata":{"emulator":{"name":"functions"},"message":"[functions] Got req.url=/demo-realm-explorer/us-central1/api/v1/dm, mapping to path=/v1/dm"}}
[debug] [2026-05-19T17:15:14.322Z] [worker-pool] Cleaned up workers for us-central1-api: 1 --> 0 {"metadata":{"emulator":{"name":"functions"},"message":"[worker-pool] Cleaned up workers for us-central1-api: 1 --> 0"}}
[info] i  functions: Loaded environment variables from .env. 
[debug] [2026-05-19T17:15:14.326Z] [worker-pool] addWorker(us-central1-api) {"metadata":{"emulator":{"name":"functions"},"message":"[worker-pool] addWorker(us-central1-api)"}}
[debug] [2026-05-19T17:15:14.326Z] [worker-pool] Adding worker with key us-central1-api, total=1 {"metadata":{"emulator":{"name":"functions"},"message":"[worker-pool] Adding worker with key us-central1-api, total=1"}}
[debug] [2026-05-19T17:15:14.661Z] [runtime-status] [75276] Resolved module firebase-admin {"declared":true,"installed":true,"version":"12.7.0","resolution":"/home/hixam/realm-explorer/functions/node_modules/firebase-admin/lib/index.js"} {"metadata":{"emulator":{"name":"functions"},"function":{"name":"us-central1-api"},"extension":{},"message":"[runtime-status] [75276] Resolved module firebase-admin {\"declared\":true,\"installed\":true,\"version\":\"12.7.0\",\"resolution\":\"/home/hixam/realm-explorer/functions/node_modules/firebase-admin/lib/index.js\"}"}}
[debug] [2026-05-19T17:15:14.661Z] [runtime-status] [75276] Resolved module firebase-functions {"declared":true,"installed":true,"version":"4.9.0","resolution":"/home/hixam/realm-explorer/functions/node_modules/firebase-functions/lib/v1/index.js"} {"metadata":{"emulator":{"name":"functions"},"function":{"name":"us-central1-api"},"extension":{},"message":"[runtime-status] [75276] Resolved module firebase-functions {\"declared\":true,\"installed\":true,\"version\":\"4.9.0\",\"resolution\":\"/home/hixam/realm-explorer/functions/node_modules/firebase-functions/lib/v1/index.js\"}"}}
[debug] [2026-05-19T17:15:14.662Z] [runtime-status] [75276] Outgoing network have been stubbed. [{"name":"http","status":"mocked"},{"name":"http","status":"mocked"},{"name":"https","status":"mocked"},{"name":"https","status":"mocked"},{"name":"net","status":"mocked"}] {"metadata":{"emulator":{"name":"functions"},"function":{"name":"us-central1-api"},"extension":{},"message":"[runtime-status] [75276] Outgoing network have been stubbed. [{\"name\":\"http\",\"status\":\"mocked\"},{\"name\":\"http\",\"status\":\"mocked\"},{\"name\":\"https\",\"status\":\"mocked\"},{\"name\":\"https\",\"status\":\"mocked\"},{\"name\":\"net\",\"status\":\"mocked\"}]"}}
[debug] [2026-05-19T17:15:14.662Z] [runtime-status] [75276] Resolved module firebase-functions {"declared":true,"installed":true,"version":"4.9.0","resolution":"/home/hixam/realm-explorer/functions/node_modules/firebase-functions/lib/v1/index.js"} {"metadata":{"emulator":{"name":"functions"},"function":{"name":"us-central1-api"},"extension":{},"message":"[runtime-status] [75276] Resolved module firebase-functions {\"declared\":true,\"installed\":true,\"version\":\"4.9.0\",\"resolution\":\"/home/hixam/realm-explorer/functions/node_modules/firebase-functions/lib/v1/index.js\"}"}}
[debug] [2026-05-19T17:15:14.695Z] [runtime-status] [75276] Resolved module firebase-admin {"declared":true,"installed":true,"version":"12.7.0","resolution":"/home/hixam/realm-explorer/functions/node_modules/firebase-admin/lib/index.js"} {"metadata":{"emulator":{"name":"functions"},"function":{"name":"us-central1-api"},"extension":{},"message":"[runtime-status] [75276] Resolved module firebase-admin {\"declared\":true,\"installed\":true,\"version\":\"12.7.0\",\"resolution\":\"/home/hixam/realm-explorer/functions/node_modules/firebase-admin/lib/index.js\"}"}}
[debug] [2026-05-19T17:15:14.695Z] [runtime-status] [75276] Resolved module firebase-functions {"declared":true,"installed":true,"version":"4.9.0","resolution":"/home/hixam/realm-explorer/functions/node_modules/firebase-functions/lib/v1/index.js"} {"metadata":{"emulator":{"name":"functions"},"function":{"name":"us-central1-api"},"extension":{},"message":"[runtime-status] [75276] Resolved module firebase-functions {\"declared\":true,\"installed\":true,\"version\":\"4.9.0\",\"resolution\":\"/home/hixam/realm-explorer/functions/node_modules/firebase-functions/lib/v1/index.js\"}"}}
[debug] [2026-05-19T17:15:14.741Z] [runtime-status] [75276] firebase-admin has been stubbed. {"adminResolution":{"declared":true,"installed":true,"version":"12.7.0","resolution":"/home/hixam/realm-explorer/functions/node_modules/firebase-admin/lib/index.js"}} {"metadata":{"emulator":{"name":"functions"},"function":{"name":"us-central1-api"},"extension":{},"message":"[runtime-status] [75276] firebase-admin has been stubbed. {\"adminResolution\":{\"declared\":true,\"installed\":true,\"version\":\"12.7.0\",\"resolution\":\"/home/hixam/realm-explorer/functions/node_modules/firebase-admin/lib/index.js\"}}"}}
[debug] [2026-05-19T17:15:14.763Z] [runtime-status] [75276] initializeApp(DEFAULT) {"storageBucket":"demo-realm-explorer.appspot.com","databaseURL":"https://demo-realm-explorer.firebaseio.com","projectId":"demo-realm-explorer"} {"metadata":{"emulator":{"name":"functions"},"function":{"name":"us-central1-api"},"extension":{},"message":"[runtime-status] [75276] initializeApp(DEFAULT) {\"storageBucket\":\"demo-realm-explorer.appspot.com\",\"databaseURL\":\"https://demo-realm-explorer.firebaseio.com\",\"projectId\":\"demo-realm-explorer\"}"}}
[debug] [2026-05-19T17:15:14.771Z] [runtime-status] [75276] Functions runtime initialized. {"cwd":"/home/hixam/realm-explorer/functions","node_version":"26.1.0"} {"metadata":{"emulator":{"name":"functions"},"function":{"name":"us-central1-api"},"extension":{},"message":"[runtime-status] [75276] Functions runtime initialized. {\"cwd\":\"/home/hixam/realm-explorer/functions\",\"node_version\":\"26.1.0\"}"}}
[debug] [2026-05-19T17:15:14.771Z] [runtime-status] [75276] Listening to port: /tmp/fire_emu_eec9bd7c949f5ebb.sock {"metadata":{"emulator":{"name":"functions"},"function":{"name":"us-central1-api"},"extension":{},"message":"[runtime-status] [75276] Listening to port: /tmp/fire_emu_eec9bd7c949f5ebb.sock"}}
[debug] [2026-05-19T17:15:14.835Z] [worker-us-central1-api-2d0a6d14-62e8-495d-a1f1-dd791df997bb]: IDLE {"metadata":{"emulator":{"name":"functions"},"function":{"name":"us-central1-api"},"extension":{},"message":"[worker-us-central1-api-2d0a6d14-62e8-495d-a1f1-dd791df997bb]: IDLE"}}
[debug] [2026-05-19T17:15:14.835Z] [worker-pool] submitRequest(triggerId=us-central1-api) {"metadata":{"emulator":{"name":"functions"},"message":"[worker-pool] submitRequest(triggerId=us-central1-api)"}}
[info] i  functions: Beginning execution of "us-central1-api" {"metadata":{"emulator":{"name":"functions"},"function":{"name":"us-central1-api"},"extension":{},"message":"Beginning execution of \"us-central1-api\""}}
[debug] [2026-05-19T17:15:14.835Z] [worker-us-central1-api-2d0a6d14-62e8-495d-a1f1-dd791df997bb]: BUSY {"metadata":{"emulator":{"name":"functions"},"function":{"name":"us-central1-api"},"extension":{},"message":"[worker-us-central1-api-2d0a6d14-62e8-495d-a1f1-dd791df997bb]: BUSY"}}
[debug] [2026-05-19T17:15:14.996Z] May 19, 2026 10:15:14 PM io.gapi.emulators.netty.HttpVersionRoutingHandler channelRead
INFO: Detected HTTP/2 connection.
 {"metadata":{"emulator":{"name":"firestore"},"message":"May 19, 2026 10:15:14 PM io.gapi.emulators.netty.HttpVersionRoutingHandler channelRead\nINFO: Detected HTTP/2 connection.\n"}}
[info] >  [ErrorHandler] POST /v1/dm — [GoogleGenerativeAI Error]: Error fetching from https://generativelanguage.googleapis.com/v1beta/models/gemini-2.0-flash-lite:generateContent: [429 ] You exceeded your current quota, please check your plan and billing details. For more information on this error, head to: https://ai.google.dev/gemini-api/docs/rate-limits. To monitor your current usage, head to: https://ai.dev/rate-limit.  {"user":"[ErrorHandler] POST /v1/dm — [GoogleGenerativeAI Error]: Error fetching from https://generativelanguage.googleapis.com/v1beta/models/gemini-2.0-flash-lite:generateContent: [429 ] You exceeded your current quota, please check your plan and billing details. For more information on this error, head to: https://ai.google.dev/gemini-api/docs/rate-limits. To monitor your current usage, head to: https://ai.dev/rate-limit. ","metadata":{"emulator":{"name":"functions"},"function":{"name":"us-central1-api"},"extension":{},"message":">  [ErrorHandler] POST /v1/dm — [GoogleGenerativeAI Error]: Error fetching from https://generativelanguage.googleapis.com/v1beta/models/gemini-2.0-flash-lite:generateContent: [429 ] You exceeded your current quota, please check your plan and billing details. For more information on this error, head to: https://ai.google.dev/gemini-api/docs/rate-limits. To monitor your current usage, head to: https://ai.dev/rate-limit. "}}
[info] >  * Quota exceeded for metric: generativelanguage.googleapis.com/generate_content_free_tier_input_token_count, limit: 0, model: gemini-2.0-flash-lite {"user":"* Quota exceeded for metric: generativelanguage.googleapis.com/generate_content_free_tier_input_token_count, limit: 0, model: gemini-2.0-flash-lite","metadata":{"emulator":{"name":"functions"},"function":{"name":"us-central1-api"},"extension":{},"message":">  * Quota exceeded for metric: generativelanguage.googleapis.com/generate_content_free_tier_input_token_count, limit: 0, model: gemini-2.0-flash-lite"}}
[info] >  * Quota exceeded for metric: generativelanguage.googleapis.com/generate_content_free_tier_requests, limit: 0, model: gemini-2.0-flash-lite {"user":"* Quota exceeded for metric: generativelanguage.googleapis.com/generate_content_free_tier_requests, limit: 0, model: gemini-2.0-flash-lite","metadata":{"emulator":{"name":"functions"},"function":{"name":"us-central1-api"},"extension":{},"message":">  * Quota exceeded for metric: generativelanguage.googleapis.com/generate_content_free_tier_requests, limit: 0, model: gemini-2.0-flash-lite"}}
[info] >  * Quota exceeded for metric: generativelanguage.googleapis.com/generate_content_free_tier_requests, limit: 0, model: gemini-2.0-flash-lite {"user":"* Quota exceeded for metric: generativelanguage.googleapis.com/generate_content_free_tier_requests, limit: 0, model: gemini-2.0-flash-lite","metadata":{"emulator":{"name":"functions"},"function":{"name":"us-central1-api"},"extension":{},"message":">  * Quota exceeded for metric: generativelanguage.googleapis.com/generate_content_free_tier_requests, limit: 0, model: gemini-2.0-flash-lite"}}
[info] >  Please retry in 44.044272845s. [{"@type":"type.googleapis.com/google.rpc.Help","links":[{"description":"Learn more about Gemini API quotas","url":"https://ai.google.dev/gemini-api/docs/rate-limits"}]},{"@type":"type.googleapis.com/google.rpc.QuotaFailure","violations":[{"quotaMetric":"generativelanguage.googleapis.com/generate_content_free_tier_input_token_count","quotaId":"GenerateContentInputTokensPerModelPerMinute-FreeTier","quotaDimensions":{"location":"global","model":"gemini-2.0-flash-lite"}},{"quotaMetric":"generativelanguage.googleapis.com/generate_content_free_tier_requests","quotaId":"GenerateRequestsPerMinutePerProjectPerModel-FreeTier","quotaDimensions":{"location":"global","model":"gemini-2.0-flash-lite"}},{"quotaMetric":"generativelanguage.googleapis.com/generate_content_free_tier_requests","quotaId":"GenerateRequestsPerDayPerProjectPerModel-FreeTier","quotaDimensions":{"location":"global","model":"gemini-2.0-flash-lite"}}]},{"@type":"type.googleapis.com/google.rpc.RetryInfo","retryDelay":"44s"}] {"user":"Please retry in 44.044272845s. [{\"@type\":\"type.googleapis.com/google.rpc.Help\",\"links\":[{\"description\":\"Learn more about Gemini API quotas\",\"url\":\"https://ai.google.dev/gemini-api/docs/rate-limits\"}]},{\"@type\":\"type.googleapis.com/google.rpc.QuotaFailure\",\"violations\":[{\"quotaMetric\":\"generativelanguage.googleapis.com/generate_content_free_tier_input_token_count\",\"quotaId\":\"GenerateContentInputTokensPerModelPerMinute-FreeTier\",\"quotaDimensions\":{\"location\":\"global\",\"model\":\"gemini-2.0-flash-lite\"}},{\"quotaMetric\":\"generativelanguage.googleapis.com/generate_content_free_tier_requests\",\"quotaId\":\"GenerateRequestsPerMinutePerProjectPerModel-FreeTier\",\"quotaDimensions\":{\"location\":\"global\",\"model\":\"gemini-2.0-flash-lite\"}},{\"quotaMetric\":\"generativelanguage.googleapis.com/generate_content_free_tier_requests\",\"quotaId\":\"GenerateRequestsPerDayPerProjectPerModel-FreeTier\",\"quotaDimensions\":{\"location\":\"global\",\"model\":\"gemini-2.0-flash-lite\"}}]},{\"@type\":\"type.googleapis.com/google.rpc.RetryInfo\",\"retryDelay\":\"44s\"}]","metadata":{"emulator":{"name":"functions"},"function":{"name":"us-central1-api"},"extension":{},"message":">  Please retry in 44.044272845s. [{\"@type\":\"type.googleapis.com/google.rpc.Help\",\"links\":[{\"description\":\"Learn more about Gemini API quotas\",\"url\":\"https://ai.google.dev/gemini-api/docs/rate-limits\"}]},{\"@type\":\"type.googleapis.com/google.rpc.QuotaFailure\",\"violations\":[{\"quotaMetric\":\"generativelanguage.googleapis.com/generate_content_free_tier_input_token_count\",\"quotaId\":\"GenerateContentInputTokensPerModelPerMinute-FreeTier\",\"quotaDimensions\":{\"location\":\"global\",\"model\":\"gemini-2.0-flash-lite\"}},{\"quotaMetric\":\"generativelanguage.googleapis.com/generate_content_free_tier_requests\",\"quotaId\":\"GenerateRequestsPerMinutePerProjectPerModel-FreeTier\",\"quotaDimensions\":{\"location\":\"global\",\"model\":\"gemini-2.0-flash-lite\"}},{\"quotaMetric\":\"generativelanguage.googleapis.com/generate_content_free_tier_requests\",\"quotaId\":\"GenerateRequestsPerDayPerProjectPerModel-FreeTier\",\"quotaDimensions\":{\"location\":\"global\",\"model\":\"gemini-2.0-flash-lite\"}}]},{\"@type\":\"type.googleapis.com/google.rpc.RetryInfo\",\"retryDelay\":\"44s\"}]"}}
[debug] [2026-05-19T17:15:16.086Z] Finishing up request with event=finish {"metadata":{"emulator":{"name":"functions"},"function":{"name":"us-central1-api"},"extension":{},"message":"Finishing up request with event=finish"}}
[info] i  functions: Finished "us-central1-api" in 1251.264428ms {"metadata":{"emulator":{"name":"functions"},"function":{"name":"us-central1-api"},"extension":{},"message":"Finished \"us-central1-api\" in 1251.264428ms"}}
[debug] [2026-05-19T17:15:16.087Z] [worker-us-central1-api-2d0a6d14-62e8-495d-a1f1-dd791df997bb]: IDLE {"metadata":{"emulator":{"name":"functions"},"function":{"name":"us-central1-api"},"extension":{},"message":"[worker-us-central1-api-2d0a6d14-62e8-495d-a1f1-dd791df997bb]: IDLE"}}
[debug] [2026-05-19T17:15:16.087Z] Finishing up request with event=close {"metadata":{"emulator":{"name":"functions"},"function":{"name":"us-central1-api"},"extension":{},"message":"Finishing up request with event=close"}}
[debug] [2026-05-19T17:15:16.087Z] [work-queue] {"queuedWork":[],"queueLength":0,"runningWork":[],"workRunningCount":0}
[debug] [2026-05-19T17:15:38.921Z] File /home/hixam/realm-explorer/functions/services/geminiService.js changed, reloading triggers {"metadata":{"emulator":{"name":"functions"},"message":"File /home/hixam/realm-explorer/functions/services/geminiService.js changed, reloading triggers"}}
[debug] [2026-05-19T17:15:39.926Z] Validating nodejs source
[warn] ⚠  functions: package.json indicates an outdated version of firebase-functions. Please upgrade using npm install --save firebase-functions@latest in your functions directory. 
[warn] ⚠  functions: Please note that there will be breaking changes when you upgrade. 
[debug] [2026-05-19T17:15:40.715Z] > [functions] package.json contents: {
  "name": "realm-explorer-functions",
  "version": "1.0.0",
  "main": "index.js",
  "engines": {
    "node": "20"
  },
  "scripts": {
    "dev": "firebase emulators:start --only functions,firestore",
    "deploy:key": "firebase functions:config:set gemini.key=\"$(grep GEMINI_API_KEY .env | cut -d '=' -f2)\"",
    "verify:key": "firebase functions:config:get | grep gemini"
  },
  "dependencies": {
    "firebase-functions": "^4.0.0",
    "firebase-admin": "^12.0.0",
    "@google/generative-ai": "^0.21.0",
    "express": "^4.18.0",
    "cors": "^2.8.5",
    "uuid": "^9.0.0",
    "dotenv": "^16.0.0"
  }
}
[debug] [2026-05-19T17:15:40.715Z] Building nodejs source
[debug] [2026-05-19T17:15:40.715Z] Failed to find version of module node: reached end of search path /home/hixam/realm-explorer/functions/node_modules
[warn] ⚠  functions: Your requested "node" version "20" doesn't match your global version "26". Using node@26 from host. 
[info] i  functions: Loaded environment variables from .env. 
[info] i  functions: You are using a version of firebase-functions SDK (4.9.0) that does not have support for the newest Firebase Extensions features. Please update firebase-functions SDK to >=5.1.0 to use them correctly 
[debug] [2026-05-19T17:15:40.715Z] Could not find functions.yaml. Must use http discovery
[debug] [2026-05-19T17:15:40.716Z] Found firebase-functions binary at '/home/hixam/realm-explorer/functions/node_modules/.bin/firebase-functions'
[info] Serving at port 8425

[debug] [2026-05-19T17:15:40.903Z] Got response from /__/functions.yaml {"endpoints":{"api":{"platform":"gcfv1","availableMemoryMb":null,"timeoutSeconds":null,"minInstances":null,"maxInstances":null,"ingressSettings":null,"serviceAccountEmail":null,"vpc":null,"httpsTrigger":{},"entryPoint":"api"}},"specVersion":"v1alpha1","requiredAPIs":[]}
[info] ✔  functions: Loaded functions definitions from source: api. {"metadata":{"emulator":{"name":"functions"},"message":"Loaded functions definitions from source: api."}}
[debug] [2026-05-19T17:15:44.911Z] [worker-pool] Shutting down IDLE worker (us-central1-api) {"metadata":{"emulator":{"name":"functions"},"message":"[worker-pool] Shutting down IDLE worker (us-central1-api)"}}
[debug] [2026-05-19T17:15:44.911Z] [worker-us-central1-api-2d0a6d14-62e8-495d-a1f1-dd791df997bb]: FINISHING {"metadata":{"emulator":{"name":"functions"},"function":{"name":"us-central1-api"},"extension":{},"message":"[worker-us-central1-api-2d0a6d14-62e8-495d-a1f1-dd791df997bb]: FINISHING"}}
[debug] [2026-05-19T17:15:44.917Z] [worker-us-central1-api-2d0a6d14-62e8-495d-a1f1-dd791df997bb]: exited {"metadata":{"emulator":{"name":"functions"},"function":{"name":"us-central1-api"},"extension":{},"message":"[worker-us-central1-api-2d0a6d14-62e8-495d-a1f1-dd791df997bb]: exited"}}
[debug] [2026-05-19T17:15:44.917Z] [worker-us-central1-api-2d0a6d14-62e8-495d-a1f1-dd791df997bb]: FINISHED {"metadata":{"emulator":{"name":"functions"},"function":{"name":"us-central1-api"},"extension":{},"message":"[worker-us-central1-api-2d0a6d14-62e8-495d-a1f1-dd791df997bb]: FINISHED"}}
[debug] [2026-05-19T17:27:52.934Z] File /home/hixam/realm-explorer/functions/package.json changed, reloading triggers {"metadata":{"emulator":{"name":"functions"},"message":"File /home/hixam/realm-explorer/functions/package.json changed, reloading triggers"}}
[debug] [2026-05-19T17:27:53.940Z] Validating nodejs source
[warn] ⚠  functions: package.json indicates an outdated version of firebase-functions. Please upgrade using npm install --save firebase-functions@latest in your functions directory. 
[warn] ⚠  functions: Please note that there will be breaking changes when you upgrade. 
[debug] [2026-05-19T17:27:54.722Z] > [functions] package.json contents: {
  "name": "realm-explorer-functions",
  "version": "1.0.0",
  "main": "index.js",
  "engines": {
    "node": "20"
  },
  "scripts": {
    "dev": "firebase emulators:start --only functions,firestore",
    "deploy:key": "firebase functions:config:set gemini.key=\"$(grep GEMINI_API_KEY .env | cut -d '=' -f2)\"",
    "verify:key": "firebase functions:config:get | grep gemini"
  },
  "dependencies": {
    "firebase-functions": "^4.0.0",
    "firebase-admin": "^12.0.0",
    "@google/genai": "^1.0.0",
    "express": "^4.18.0",
    "cors": "^2.8.5",
    "uuid": "^9.0.0",
    "dotenv": "^16.0.0"
  }
}
[debug] [2026-05-19T17:27:54.722Z] Building nodejs source
[debug] [2026-05-19T17:27:54.722Z] Failed to find version of module node: reached end of search path /home/hixam/realm-explorer/functions/node_modules
[warn] ⚠  functions: Your requested "node" version "20" doesn't match your global version "26". Using node@26 from host. 
[info] i  functions: Loaded environment variables from .env. 
[info] i  functions: You are using a version of firebase-functions SDK (4.9.0) that does not have support for the newest Firebase Extensions features. Please update firebase-functions SDK to >=5.1.0 to use them correctly 
[debug] [2026-05-19T17:27:54.726Z] Could not find functions.yaml. Must use http discovery
[debug] [2026-05-19T17:27:54.729Z] Found firebase-functions binary at '/home/hixam/realm-explorer/functions/node_modules/.bin/firebase-functions'
[info] Serving at port 8463

[debug] [2026-05-19T17:27:54.932Z] File /home/hixam/realm-explorer/functions/services/geminiService.js changed, reloading triggers {"metadata":{"emulator":{"name":"functions"},"message":"File /home/hixam/realm-explorer/functions/services/geminiService.js changed, reloading triggers"}}
[error] Error: Cannot find module '@google/genai'
Require stack:
- /home/hixam/realm-explorer/functions/services/geminiService.js
- /home/hixam/realm-explorer/functions/controllers/dmController.js
- /home/hixam/realm-explorer/functions/routes/agentRoutes.js
- /home/hixam/realm-explorer/functions/index.js
- /home/hixam/realm-explorer/functions/node_modules/firebase-functions/lib/runtime/loader.js
- /home/hixam/realm-explorer/functions/node_modules/firebase-functions/lib/bin/firebase-functions.js
    at Module._resolveFilename (node:internal/modules/cjs/loader:1502:15)
    at wrapResolveFilename (node:internal/modules/cjs/loader:1073:27)
    at defaultResolveImplForCJSLoading (node:internal/modules/cjs/loader:1097:10)
    at resolveForCJSWithHooks (node:internal/modules/cjs/loader:1118:12)
    at Module._load (node:internal/modules/cjs/loader:1287:25)
    at wrapModuleLoad (node:internal/modules/cjs/loader:255:19)
    at Module.require (node:internal/modules/cjs/loader:1602:12)
    at require (node:internal/modules/helpers:191:16)
    at Object.<anonymous> (/home/hixam/realm-explorer/functions/services/geminiService.js:1:25)
    at Module._compile (node:internal/modules/cjs/loader:1856:14) {
  code: 'MODULE_NOT_FOUND',
  requireStack: [
    '/home/hixam/realm-explorer/functions/services/geminiService.js',
    '/home/hixam/realm-explorer/functions/controllers/dmController.js',
    '/home/hixam/realm-explorer/functions/routes/agentRoutes.js',
    '/home/hixam/realm-explorer/functions/index.js',
    '/home/hixam/realm-explorer/functions/node_modules/firebase-functions/lib/runtime/loader.js',
    '/home/hixam/realm-explorer/functions/node_modules/firebase-functions/lib/bin/firebase-functions.js'
  ]
}

[debug] [2026-05-19T17:27:55.034Z] Got response code 400; body Failed to generate manifest from function source: Error: Cannot find module '@google/genai'
Require stack:
- /home/hixam/realm-explorer/functions/services/geminiService.js
- /home/hixam/realm-explorer/functions/controllers/dmController.js
- /home/hixam/realm-explorer/functions/routes/agentRoutes.js
- /home/hixam/realm-explorer/functions/index.js
- /home/hixam/realm-explorer/functions/node_modules/firebase-functions/lib/runtime/loader.js
- /home/hixam/realm-explorer/functions/node_modules/firebase-functions/lib/bin/firebase-functions.js
[debug] [2026-05-19T17:27:55.933Z] Validating nodejs source
[warn] ⚠  functions: package.json indicates an outdated version of firebase-functions. Please upgrade using npm install --save firebase-functions@latest in your functions directory. 
[warn] ⚠  functions: Please note that there will be breaking changes when you upgrade. 
[debug] [2026-05-19T17:27:56.965Z] > [functions] package.json contents: {
  "name": "realm-explorer-functions",
  "version": "1.0.0",
  "main": "index.js",
  "engines": {
    "node": "20"
  },
  "scripts": {
    "dev": "firebase emulators:start --only functions,firestore",
    "deploy:key": "firebase functions:config:set gemini.key=\"$(grep GEMINI_API_KEY .env | cut -d '=' -f2)\"",
    "verify:key": "firebase functions:config:get | grep gemini"
  },
  "dependencies": {
    "firebase-functions": "^4.0.0",
    "firebase-admin": "^12.0.0",
    "@google/genai": "^1.0.0",
    "express": "^4.18.0",
    "cors": "^2.8.5",
    "uuid": "^9.0.0",
    "dotenv": "^16.0.0"
  }
}
[debug] [2026-05-19T17:27:56.965Z] Building nodejs source
[debug] [2026-05-19T17:27:56.965Z] Failed to find version of module node: reached end of search path /home/hixam/realm-explorer/functions/node_modules
[warn] ⚠  functions: Your requested "node" version "20" doesn't match your global version "26". Using node@26 from host. 
[info] i  functions: Loaded environment variables from .env. 
[info] i  functions: You are using a version of firebase-functions SDK (4.9.0) that does not have support for the newest Firebase Extensions features. Please update firebase-functions SDK to >=5.1.0 to use them correctly 
[debug] [2026-05-19T17:27:56.966Z] Could not find functions.yaml. Must use http discovery
[debug] [2026-05-19T17:27:56.966Z] Found firebase-functions binary at '/home/hixam/realm-explorer/functions/node_modules/.bin/firebase-functions'
[info] Serving at port 8037

[error] Error: Cannot find module '@google/genai'
Require stack:
- /home/hixam/realm-explorer/functions/services/geminiService.js
- /home/hixam/realm-explorer/functions/controllers/dmController.js
- /home/hixam/realm-explorer/functions/routes/agentRoutes.js
- /home/hixam/realm-explorer/functions/index.js
- /home/hixam/realm-explorer/functions/node_modules/firebase-functions/lib/runtime/loader.js
- /home/hixam/realm-explorer/functions/node_modules/firebase-functions/lib/bin/firebase-functions.js
    at Module._resolveFilename (node:internal/modules/cjs/loader:1502:15)
    at wrapResolveFilename (node:internal/modules/cjs/loader:1073:27)
    at defaultResolveImplForCJSLoading (node:internal/modules/cjs/loader:1097:10)
    at resolveForCJSWithHooks (node:internal/modules/cjs/loader:1118:12)
    at Module._load (node:internal/modules/cjs/loader:1287:25)
    at wrapModuleLoad (node:internal/modules/cjs/loader:255:19)
    at Module.require (node:internal/modules/cjs/loader:1602:12)
    at require (node:internal/modules/helpers:191:16)
    at Object.<anonymous> (/home/hixam/realm-explorer/functions/services/geminiService.js:1:25)
    at Module._compile (node:internal/modules/cjs/loader:1856:14) {
  code: 'MODULE_NOT_FOUND',
  requireStack: [
    '/home/hixam/realm-explorer/functions/services/geminiService.js',
    '/home/hixam/realm-explorer/functions/controllers/dmController.js',
    '/home/hixam/realm-explorer/functions/routes/agentRoutes.js',
    '/home/hixam/realm-explorer/functions/index.js',
    '/home/hixam/realm-explorer/functions/node_modules/firebase-functions/lib/runtime/loader.js',
    '/home/hixam/realm-explorer/functions/node_modules/firebase-functions/lib/bin/firebase-functions.js'
  ]
}

[debug] [2026-05-19T17:27:57.258Z] Got response code 400; body Failed to generate manifest from function source: Error: Cannot find module '@google/genai'
Require stack:
- /home/hixam/realm-explorer/functions/services/geminiService.js
- /home/hixam/realm-explorer/functions/controllers/dmController.js
- /home/hixam/realm-explorer/functions/routes/agentRoutes.js
- /home/hixam/realm-explorer/functions/index.js
- /home/hixam/realm-explorer/functions/node_modules/firebase-functions/lib/runtime/loader.js
- /home/hixam/realm-explorer/functions/node_modules/firebase-functions/lib/bin/firebase-functions.js
[error] ⬢  functions: Failed to load function definition from source: FirebaseError: Functions codebase could not be analyzed successfully. It may have a syntax or runtime error {"metadata":{"emulator":{"name":"functions"},"message":"Failed to load function definition from source: FirebaseError: Functions codebase could not be analyzed successfully. It may have a syntax or runtime error"}}
[error] ⬢  functions: Failed to load function definition from source: FirebaseError: Functions codebase could not be analyzed successfully. It may have a syntax or runtime error {"metadata":{"emulator":{"name":"functions"},"message":"Failed to load function definition from source: FirebaseError: Functions codebase could not be analyzed successfully. It may have a syntax or runtime error"}}
[debug] [2026-05-19T17:29:07.980Z] File /home/hixam/realm-explorer/functions/package-lock.json changed, reloading triggers {"metadata":{"emulator":{"name":"functions"},"message":"File /home/hixam/realm-explorer/functions/package-lock.json changed, reloading triggers"}}
[debug] [2026-05-19T17:29:08.984Z] Validating nodejs source
[warn] ⚠  functions: package.json indicates an outdated version of firebase-functions. Please upgrade using npm install --save firebase-functions@latest in your functions directory. 
[warn] ⚠  functions: Please note that there will be breaking changes when you upgrade. 
[debug] [2026-05-19T17:29:09.619Z] > [functions] package.json contents: {
  "name": "realm-explorer-functions",
  "version": "1.0.0",
  "main": "index.js",
  "engines": {
    "node": "20"
  },
  "scripts": {
    "dev": "firebase emulators:start --only functions,firestore",
    "deploy:key": "firebase functions:config:set gemini.key=\"$(grep GEMINI_API_KEY .env | cut -d '=' -f2)\"",
    "verify:key": "firebase functions:config:get | grep gemini"
  },
  "dependencies": {
    "firebase-functions": "^4.0.0",
    "firebase-admin": "^12.0.0",
    "@google/genai": "^1.0.0",
    "express": "^4.18.0",
    "cors": "^2.8.5",
    "uuid": "^9.0.0",
    "dotenv": "^16.0.0"
  }
}
[debug] [2026-05-19T17:29:09.619Z] Building nodejs source
[debug] [2026-05-19T17:29:09.619Z] Failed to find version of module node: reached end of search path /home/hixam/realm-explorer/functions/node_modules
[warn] ⚠  functions: Your requested "node" version "20" doesn't match your global version "26". Using node@26 from host. 
[info] i  functions: Loaded environment variables from .env. 
[info] i  functions: You are using a version of firebase-functions SDK (4.9.0) that does not have support for the newest Firebase Extensions features. Please update firebase-functions SDK to >=5.1.0 to use them correctly 
[debug] [2026-05-19T17:29:09.621Z] Could not find functions.yaml. Must use http discovery
[debug] [2026-05-19T17:29:09.621Z] Found firebase-functions binary at '/home/hixam/realm-explorer/functions/node_modules/.bin/firebase-functions'
[info] Serving at port 8051

[debug] [2026-05-19T17:29:09.909Z] Got response from /__/functions.yaml {"endpoints":{"api":{"platform":"gcfv1","availableMemoryMb":null,"timeoutSeconds":null,"minInstances":null,"maxInstances":null,"ingressSettings":null,"serviceAccountEmail":null,"vpc":null,"httpsTrigger":{},"entryPoint":"api"}},"specVersion":"v1alpha1","requiredAPIs":[]}
[info] ✔  functions: Loaded functions definitions from source: api. {"metadata":{"emulator":{"name":"functions"},"message":"Loaded functions definitions from source: api."}}
[debug] [2026-05-19T17:42:03.975Z] File /home/hixam/realm-explorer/functions/services/geminiService.js changed, reloading triggers {"metadata":{"emulator":{"name":"functions"},"message":"File /home/hixam/realm-explorer/functions/services/geminiService.js changed, reloading triggers"}}
[debug] [2026-05-19T17:42:04.979Z] Validating nodejs source
[warn] ⚠  functions: package.json indicates an outdated version of firebase-functions. Please upgrade using npm install --save firebase-functions@latest in your functions directory. 
[warn] ⚠  functions: Please note that there will be breaking changes when you upgrade. 
[debug] [2026-05-19T17:42:05.668Z] > [functions] package.json contents: {
  "name": "realm-explorer-functions",
  "version": "1.0.0",
  "main": "index.js",
  "engines": {
    "node": "20"
  },
  "scripts": {
    "dev": "firebase emulators:start --only functions,firestore",
    "deploy:key": "firebase functions:config:set gemini.key=\"$(grep GEMINI_API_KEY .env | cut -d '=' -f2)\"",
    "verify:key": "firebase functions:config:get | grep gemini"
  },
  "dependencies": {
    "firebase-functions": "^4.0.0",
    "firebase-admin": "^12.0.0",
    "@google/genai": "^1.0.0",
    "express": "^4.18.0",
    "cors": "^2.8.5",
    "uuid": "^9.0.0",
    "dotenv": "^16.0.0"
  }
}
[debug] [2026-05-19T17:42:05.668Z] Building nodejs source
[debug] [2026-05-19T17:42:05.668Z] Failed to find version of module node: reached end of search path /home/hixam/realm-explorer/functions/node_modules
[warn] ⚠  functions: Your requested "node" version "20" doesn't match your global version "26". Using node@26 from host. 
[info] i  functions: Loaded environment variables from .env. 
[info] i  functions: You are using a version of firebase-functions SDK (4.9.0) that does not have support for the newest Firebase Extensions features. Please update firebase-functions SDK to >=5.1.0 to use them correctly 
[debug] [2026-05-19T17:42:05.669Z] Could not find functions.yaml. Must use http discovery
[debug] [2026-05-19T17:42:05.671Z] Found firebase-functions binary at '/home/hixam/realm-explorer/functions/node_modules/.bin/firebase-functions'
[info] Serving at port 8710

[debug] [2026-05-19T17:42:05.918Z] Got response from /__/functions.yaml {"endpoints":{"api":{"platform":"gcfv1","availableMemoryMb":null,"timeoutSeconds":null,"minInstances":null,"maxInstances":null,"ingressSettings":null,"serviceAccountEmail":null,"vpc":null,"httpsTrigger":{},"entryPoint":"api"}},"specVersion":"v1alpha1","requiredAPIs":[]}
[info] ✔  functions: Loaded functions definitions from source: api. {"metadata":{"emulator":{"name":"functions"},"message":"Loaded functions definitions from source: api."}}
[debug] [2026-05-19T17:42:31.521Z] [work-queue] {"queuedWork":["/demo-realm-explorer/us-central1/api/v1/health-2026-05-19T17:42:31.521Z"],"queueLength":1,"runningWork":[],"workRunningCount":0}
[debug] [2026-05-19T17:42:31.521Z] [work-queue] {"queuedWork":[],"queueLength":0,"runningWork":["/demo-realm-explorer/us-central1/api/v1/health-2026-05-19T17:42:31.521Z"],"workRunningCount":1}
[debug] [2026-05-19T17:42:31.521Z] Accepted request GET /demo-realm-explorer/us-central1/api/v1/health --> us-central1-api
[debug] [2026-05-19T17:42:31.521Z] [functions] Runtime ready! Sending request! {"metadata":{"emulator":{"name":"functions"},"message":"[functions] Runtime ready! Sending request!"}}
[debug] [2026-05-19T17:42:31.521Z] [functions] Got req.url=/demo-realm-explorer/us-central1/api/v1/health, mapping to path=/v1/health {"metadata":{"emulator":{"name":"functions"},"message":"[functions] Got req.url=/demo-realm-explorer/us-central1/api/v1/health, mapping to path=/v1/health"}}
[debug] [2026-05-19T17:42:31.521Z] [worker-pool] Cleaned up workers for us-central1-api: 1 --> 0 {"metadata":{"emulator":{"name":"functions"},"message":"[worker-pool] Cleaned up workers for us-central1-api: 1 --> 0"}}
[info] i  functions: Loaded environment variables from .env. 
[debug] [2026-05-19T17:42:31.524Z] [worker-pool] addWorker(us-central1-api) {"metadata":{"emulator":{"name":"functions"},"message":"[worker-pool] addWorker(us-central1-api)"}}
[debug] [2026-05-19T17:42:31.524Z] [worker-pool] Adding worker with key us-central1-api, total=1 {"metadata":{"emulator":{"name":"functions"},"message":"[worker-pool] Adding worker with key us-central1-api, total=1"}}
[debug] [2026-05-19T17:42:31.975Z] [runtime-status] [80870] Resolved module firebase-admin {"declared":true,"installed":true,"version":"12.7.0","resolution":"/home/hixam/realm-explorer/functions/node_modules/firebase-admin/lib/index.js"} {"metadata":{"emulator":{"name":"functions"},"function":{"name":"us-central1-api"},"extension":{},"message":"[runtime-status] [80870] Resolved module firebase-admin {\"declared\":true,\"installed\":true,\"version\":\"12.7.0\",\"resolution\":\"/home/hixam/realm-explorer/functions/node_modules/firebase-admin/lib/index.js\"}"}}
[debug] [2026-05-19T17:42:31.975Z] [runtime-status] [80870] Resolved module firebase-functions {"declared":true,"installed":true,"version":"4.9.0","resolution":"/home/hixam/realm-explorer/functions/node_modules/firebase-functions/lib/v1/index.js"} {"metadata":{"emulator":{"name":"functions"},"function":{"name":"us-central1-api"},"extension":{},"message":"[runtime-status] [80870] Resolved module firebase-functions {\"declared\":true,\"installed\":true,\"version\":\"4.9.0\",\"resolution\":\"/home/hixam/realm-explorer/functions/node_modules/firebase-functions/lib/v1/index.js\"}"}}
[debug] [2026-05-19T17:42:31.976Z] [runtime-status] [80870] Outgoing network have been stubbed. [{"name":"http","status":"mocked"},{"name":"http","status":"mocked"},{"name":"https","status":"mocked"},{"name":"https","status":"mocked"},{"name":"net","status":"mocked"}] {"metadata":{"emulator":{"name":"functions"},"function":{"name":"us-central1-api"},"extension":{},"message":"[runtime-status] [80870] Outgoing network have been stubbed. [{\"name\":\"http\",\"status\":\"mocked\"},{\"name\":\"http\",\"status\":\"mocked\"},{\"name\":\"https\",\"status\":\"mocked\"},{\"name\":\"https\",\"status\":\"mocked\"},{\"name\":\"net\",\"status\":\"mocked\"}]"}}
[debug] [2026-05-19T17:42:31.976Z] [runtime-status] [80870] Resolved module firebase-functions {"declared":true,"installed":true,"version":"4.9.0","resolution":"/home/hixam/realm-explorer/functions/node_modules/firebase-functions/lib/v1/index.js"} {"metadata":{"emulator":{"name":"functions"},"function":{"name":"us-central1-api"},"extension":{},"message":"[runtime-status] [80870] Resolved module firebase-functions {\"declared\":true,\"installed\":true,\"version\":\"4.9.0\",\"resolution\":\"/home/hixam/realm-explorer/functions/node_modules/firebase-functions/lib/v1/index.js\"}"}}
[debug] [2026-05-19T17:42:32.009Z] [runtime-status] [80870] Resolved module firebase-admin {"declared":true,"installed":true,"version":"12.7.0","resolution":"/home/hixam/realm-explorer/functions/node_modules/firebase-admin/lib/index.js"} {"metadata":{"emulator":{"name":"functions"},"function":{"name":"us-central1-api"},"extension":{},"message":"[runtime-status] [80870] Resolved module firebase-admin {\"declared\":true,\"installed\":true,\"version\":\"12.7.0\",\"resolution\":\"/home/hixam/realm-explorer/functions/node_modules/firebase-admin/lib/index.js\"}"}}
[debug] [2026-05-19T17:42:32.010Z] [runtime-status] [80870] Resolved module firebase-functions {"declared":true,"installed":true,"version":"4.9.0","resolution":"/home/hixam/realm-explorer/functions/node_modules/firebase-functions/lib/v1/index.js"} {"metadata":{"emulator":{"name":"functions"},"function":{"name":"us-central1-api"},"extension":{},"message":"[runtime-status] [80870] Resolved module firebase-functions {\"declared\":true,\"installed\":true,\"version\":\"4.9.0\",\"resolution\":\"/home/hixam/realm-explorer/functions/node_modules/firebase-functions/lib/v1/index.js\"}"}}
[debug] [2026-05-19T17:42:32.056Z] [runtime-status] [80870] firebase-admin has been stubbed. {"adminResolution":{"declared":true,"installed":true,"version":"12.7.0","resolution":"/home/hixam/realm-explorer/functions/node_modules/firebase-admin/lib/index.js"}} {"metadata":{"emulator":{"name":"functions"},"function":{"name":"us-central1-api"},"extension":{},"message":"[runtime-status] [80870] firebase-admin has been stubbed. {\"adminResolution\":{\"declared\":true,\"installed\":true,\"version\":\"12.7.0\",\"resolution\":\"/home/hixam/realm-explorer/functions/node_modules/firebase-admin/lib/index.js\"}}"}}
[debug] [2026-05-19T17:42:32.080Z] [runtime-status] [80870] initializeApp(DEFAULT) {"storageBucket":"demo-realm-explorer.appspot.com","databaseURL":"https://demo-realm-explorer.firebaseio.com","projectId":"demo-realm-explorer"} {"metadata":{"emulator":{"name":"functions"},"function":{"name":"us-central1-api"},"extension":{},"message":"[runtime-status] [80870] initializeApp(DEFAULT) {\"storageBucket\":\"demo-realm-explorer.appspot.com\",\"databaseURL\":\"https://demo-realm-explorer.firebaseio.com\",\"projectId\":\"demo-realm-explorer\"}"}}
[debug] [2026-05-19T17:42:32.112Z] [runtime-status] [80870] Functions runtime initialized. {"cwd":"/home/hixam/realm-explorer/functions","node_version":"26.1.0"} {"metadata":{"emulator":{"name":"functions"},"function":{"name":"us-central1-api"},"extension":{},"message":"[runtime-status] [80870] Functions runtime initialized. {\"cwd\":\"/home/hixam/realm-explorer/functions\",\"node_version\":\"26.1.0\"}"}}
[debug] [2026-05-19T17:42:32.112Z] [runtime-status] [80870] Listening to port: /tmp/fire_emu_4a670dec4ca2eda0.sock {"metadata":{"emulator":{"name":"functions"},"function":{"name":"us-central1-api"},"extension":{},"message":"[runtime-status] [80870] Listening to port: /tmp/fire_emu_4a670dec4ca2eda0.sock"}}
[debug] [2026-05-19T17:42:32.132Z] [worker-us-central1-api-149068aa-18f9-4116-8274-b83721689b0a]: IDLE {"metadata":{"emulator":{"name":"functions"},"function":{"name":"us-central1-api"},"extension":{},"message":"[worker-us-central1-api-149068aa-18f9-4116-8274-b83721689b0a]: IDLE"}}
[debug] [2026-05-19T17:42:32.132Z] [worker-pool] submitRequest(triggerId=us-central1-api) {"metadata":{"emulator":{"name":"functions"},"message":"[worker-pool] submitRequest(triggerId=us-central1-api)"}}
[info] i  functions: Beginning execution of "us-central1-api" {"metadata":{"emulator":{"name":"functions"},"function":{"name":"us-central1-api"},"extension":{},"message":"Beginning execution of \"us-central1-api\""}}
[debug] [2026-05-19T17:42:32.133Z] [worker-us-central1-api-149068aa-18f9-4116-8274-b83721689b0a]: BUSY {"metadata":{"emulator":{"name":"functions"},"function":{"name":"us-central1-api"},"extension":{},"message":"[worker-us-central1-api-149068aa-18f9-4116-8274-b83721689b0a]: BUSY"}}
[debug] [2026-05-19T17:42:32.136Z] Finishing up request with event=finish {"metadata":{"emulator":{"name":"functions"},"function":{"name":"us-central1-api"},"extension":{},"message":"Finishing up request with event=finish"}}
[info] i  functions: Finished "us-central1-api" in 3.420827ms {"metadata":{"emulator":{"name":"functions"},"function":{"name":"us-central1-api"},"extension":{},"message":"Finished \"us-central1-api\" in 3.420827ms"}}
[debug] [2026-05-19T17:42:32.136Z] [worker-us-central1-api-149068aa-18f9-4116-8274-b83721689b0a]: IDLE {"metadata":{"emulator":{"name":"functions"},"function":{"name":"us-central1-api"},"extension":{},"message":"[worker-us-central1-api-149068aa-18f9-4116-8274-b83721689b0a]: IDLE"}}
[debug] [2026-05-19T17:42:32.136Z] Finishing up request with event=close {"metadata":{"emulator":{"name":"functions"},"function":{"name":"us-central1-api"},"extension":{},"message":"Finishing up request with event=close"}}
[debug] [2026-05-19T17:42:32.136Z] [work-queue] {"queuedWork":[],"queueLength":0,"runningWork":[],"workRunningCount":0}
[debug] [2026-05-19T17:42:32.140Z] [work-queue] {"queuedWork":["/demo-realm-explorer/us-central1/api/v1/run-2026-05-19T17:42:32.140Z"],"queueLength":1,"runningWork":[],"workRunningCount":0}
[debug] [2026-05-19T17:42:32.141Z] [work-queue] {"queuedWork":[],"queueLength":0,"runningWork":["/demo-realm-explorer/us-central1/api/v1/run-2026-05-19T17:42:32.140Z"],"workRunningCount":1}
[debug] [2026-05-19T17:42:32.141Z] Accepted request POST /demo-realm-explorer/us-central1/api/v1/run --> us-central1-api
[debug] [2026-05-19T17:42:32.141Z] [functions] Runtime ready! Sending request! {"metadata":{"emulator":{"name":"functions"},"message":"[functions] Runtime ready! Sending request!"}}
[debug] [2026-05-19T17:42:32.141Z] [functions] Got req.url=/demo-realm-explorer/us-central1/api/v1/run, mapping to path=/v1/run {"metadata":{"emulator":{"name":"functions"},"message":"[functions] Got req.url=/demo-realm-explorer/us-central1/api/v1/run, mapping to path=/v1/run"}}
[debug] [2026-05-19T17:42:32.141Z] [worker-pool] submitRequest(triggerId=us-central1-api) {"metadata":{"emulator":{"name":"functions"},"message":"[worker-pool] submitRequest(triggerId=us-central1-api)"}}
[info] i  functions: Beginning execution of "us-central1-api" {"metadata":{"emulator":{"name":"functions"},"function":{"name":"us-central1-api"},"extension":{},"message":"Beginning execution of \"us-central1-api\""}}
[debug] [2026-05-19T17:42:32.141Z] [worker-us-central1-api-149068aa-18f9-4116-8274-b83721689b0a]: BUSY {"metadata":{"emulator":{"name":"functions"},"function":{"name":"us-central1-api"},"extension":{},"message":"[worker-us-central1-api-149068aa-18f9-4116-8274-b83721689b0a]: BUSY"}}
[debug] [2026-05-19T17:42:32.395Z] May 19, 2026 10:42:32 PM io.gapi.emulators.netty.HttpVersionRoutingHandler channelRead
INFO: Detected HTTP/2 connection.
 {"metadata":{"emulator":{"name":"firestore"},"message":"May 19, 2026 10:42:32 PM io.gapi.emulators.netty.HttpVersionRoutingHandler channelRead\nINFO: Detected HTTP/2 connection.\n"}}
[debug] [2026-05-19T17:42:32.474Z] Finishing up request with event=finish {"metadata":{"emulator":{"name":"functions"},"function":{"name":"us-central1-api"},"extension":{},"message":"Finishing up request with event=finish"}}
[info] i  functions: Finished "us-central1-api" in 333.422627ms {"metadata":{"emulator":{"name":"functions"},"function":{"name":"us-central1-api"},"extension":{},"message":"Finished \"us-central1-api\" in 333.422627ms"}}
[debug] [2026-05-19T17:42:32.474Z] [worker-us-central1-api-149068aa-18f9-4116-8274-b83721689b0a]: IDLE {"metadata":{"emulator":{"name":"functions"},"function":{"name":"us-central1-api"},"extension":{},"message":"[worker-us-central1-api-149068aa-18f9-4116-8274-b83721689b0a]: IDLE"}}
[debug] [2026-05-19T17:42:32.474Z] Finishing up request with event=close {"metadata":{"emulator":{"name":"functions"},"function":{"name":"us-central1-api"},"extension":{},"message":"Finishing up request with event=close"}}
[debug] [2026-05-19T17:42:32.474Z] [work-queue] {"queuedWork":[],"queueLength":0,"runningWork":[],"workRunningCount":0}
[debug] [2026-05-19T17:42:55.434Z] [work-queue] {"queuedWork":["/demo-realm-explorer/us-central1/api/v1/dm-2026-05-19T17:42:55.434Z"],"queueLength":1,"runningWork":[],"workRunningCount":0}
[debug] [2026-05-19T17:42:55.434Z] [work-queue] {"queuedWork":[],"queueLength":0,"runningWork":["/demo-realm-explorer/us-central1/api/v1/dm-2026-05-19T17:42:55.434Z"],"workRunningCount":1}
[debug] [2026-05-19T17:42:55.434Z] Accepted request POST /demo-realm-explorer/us-central1/api/v1/dm --> us-central1-api
[debug] [2026-05-19T17:42:55.434Z] [functions] Runtime ready! Sending request! {"metadata":{"emulator":{"name":"functions"},"message":"[functions] Runtime ready! Sending request!"}}
[debug] [2026-05-19T17:42:55.434Z] [functions] Got req.url=/demo-realm-explorer/us-central1/api/v1/dm, mapping to path=/v1/dm {"metadata":{"emulator":{"name":"functions"},"message":"[functions] Got req.url=/demo-realm-explorer/us-central1/api/v1/dm, mapping to path=/v1/dm"}}
[debug] [2026-05-19T17:42:55.434Z] [worker-pool] submitRequest(triggerId=us-central1-api) {"metadata":{"emulator":{"name":"functions"},"message":"[worker-pool] submitRequest(triggerId=us-central1-api)"}}
[info] i  functions: Beginning execution of "us-central1-api" {"metadata":{"emulator":{"name":"functions"},"function":{"name":"us-central1-api"},"extension":{},"message":"Beginning execution of \"us-central1-api\""}}
[debug] [2026-05-19T17:42:55.434Z] [worker-us-central1-api-149068aa-18f9-4116-8274-b83721689b0a]: BUSY {"metadata":{"emulator":{"name":"functions"},"function":{"name":"us-central1-api"},"extension":{},"message":"[worker-us-central1-api-149068aa-18f9-4116-8274-b83721689b0a]: BUSY"}}
[debug] [2026-05-19T17:43:04.217Z] Finishing up request with event=finish {"metadata":{"emulator":{"name":"functions"},"function":{"name":"us-central1-api"},"extension":{},"message":"Finishing up request with event=finish"}}
[info] i  functions: Finished "us-central1-api" in 8783.344507ms {"metadata":{"emulator":{"name":"functions"},"function":{"name":"us-central1-api"},"extension":{},"message":"Finished \"us-central1-api\" in 8783.344507ms"}}
[debug] [2026-05-19T17:43:04.218Z] [worker-us-central1-api-149068aa-18f9-4116-8274-b83721689b0a]: IDLE {"metadata":{"emulator":{"name":"functions"},"function":{"name":"us-central1-api"},"extension":{},"message":"[worker-us-central1-api-149068aa-18f9-4116-8274-b83721689b0a]: IDLE"}}
[debug] [2026-05-19T17:43:04.218Z] Finishing up request with event=close {"metadata":{"emulator":{"name":"functions"},"function":{"name":"us-central1-api"},"extension":{},"message":"Finishing up request with event=close"}}
[debug] [2026-05-19T17:43:04.218Z] [work-queue] {"queuedWork":[],"queueLength":0,"runningWork":[],"workRunningCount":0}
[debug] [2026-05-19T17:43:27.715Z] [work-queue] {"queuedWork":["/demo-realm-explorer/us-central1/api/v1/dm-2026-05-19T17:43:27.715Z"],"queueLength":1,"runningWork":[],"workRunningCount":0}
[debug] [2026-05-19T17:43:27.715Z] [work-queue] {"queuedWork":[],"queueLength":0,"runningWork":["/demo-realm-explorer/us-central1/api/v1/dm-2026-05-19T17:43:27.715Z"],"workRunningCount":1}
[debug] [2026-05-19T17:43:27.715Z] Accepted request POST /demo-realm-explorer/us-central1/api/v1/dm --> us-central1-api
[debug] [2026-05-19T17:43:27.715Z] [functions] Runtime ready! Sending request! {"metadata":{"emulator":{"name":"functions"},"message":"[functions] Runtime ready! Sending request!"}}
[debug] [2026-05-19T17:43:27.715Z] [functions] Got req.url=/demo-realm-explorer/us-central1/api/v1/dm, mapping to path=/v1/dm {"metadata":{"emulator":{"name":"functions"},"message":"[functions] Got req.url=/demo-realm-explorer/us-central1/api/v1/dm, mapping to path=/v1/dm"}}
[debug] [2026-05-19T17:43:27.715Z] [worker-pool] submitRequest(triggerId=us-central1-api) {"metadata":{"emulator":{"name":"functions"},"message":"[worker-pool] submitRequest(triggerId=us-central1-api)"}}
[info] i  functions: Beginning execution of "us-central1-api" {"metadata":{"emulator":{"name":"functions"},"function":{"name":"us-central1-api"},"extension":{},"message":"Beginning execution of \"us-central1-api\""}}
[debug] [2026-05-19T17:43:27.715Z] [worker-us-central1-api-149068aa-18f9-4116-8274-b83721689b0a]: BUSY {"metadata":{"emulator":{"name":"functions"},"function":{"name":"us-central1-api"},"extension":{},"message":"[worker-us-central1-api-149068aa-18f9-4116-8274-b83721689b0a]: BUSY"}}
[debug] [2026-05-19T17:43:36.608Z] Finishing up request with event=finish {"metadata":{"emulator":{"name":"functions"},"function":{"name":"us-central1-api"},"extension":{},"message":"Finishing up request with event=finish"}}
[info] i  functions: Finished "us-central1-api" in 8892.700366000001ms {"metadata":{"emulator":{"name":"functions"},"function":{"name":"us-central1-api"},"extension":{},"message":"Finished \"us-central1-api\" in 8892.700366000001ms"}}
[debug] [2026-05-19T17:43:36.608Z] [worker-us-central1-api-149068aa-18f9-4116-8274-b83721689b0a]: IDLE {"metadata":{"emulator":{"name":"functions"},"function":{"name":"us-central1-api"},"extension":{},"message":"[worker-us-central1-api-149068aa-18f9-4116-8274-b83721689b0a]: IDLE"}}
[debug] [2026-05-19T17:43:36.608Z] Finishing up request with event=close {"metadata":{"emulator":{"name":"functions"},"function":{"name":"us-central1-api"},"extension":{},"message":"Finishing up request with event=close"}}
[debug] [2026-05-19T17:43:36.609Z] [work-queue] {"queuedWork":[],"queueLength":0,"runningWork":[],"workRunningCount":0}
[debug] [2026-05-19T17:44:14.429Z] [work-queue] {"queuedWork":["/demo-realm-explorer/us-central1/api/v1/rival-2026-05-19T17:44:14.429Z"],"queueLength":1,"runningWork":[],"workRunningCount":0}
[debug] [2026-05-19T17:44:14.430Z] [work-queue] {"queuedWork":[],"queueLength":0,"runningWork":["/demo-realm-explorer/us-central1/api/v1/rival-2026-05-19T17:44:14.429Z"],"workRunningCount":1}
[debug] [2026-05-19T17:44:14.430Z] Accepted request POST /demo-realm-explorer/us-central1/api/v1/rival --> us-central1-api
[debug] [2026-05-19T17:44:14.430Z] [functions] Runtime ready! Sending request! {"metadata":{"emulator":{"name":"functions"},"message":"[functions] Runtime ready! Sending request!"}}
[debug] [2026-05-19T17:44:14.430Z] [functions] Got req.url=/demo-realm-explorer/us-central1/api/v1/rival, mapping to path=/v1/rival {"metadata":{"emulator":{"name":"functions"},"message":"[functions] Got req.url=/demo-realm-explorer/us-central1/api/v1/rival, mapping to path=/v1/rival"}}
[debug] [2026-05-19T17:44:14.430Z] [worker-pool] submitRequest(triggerId=us-central1-api) {"metadata":{"emulator":{"name":"functions"},"message":"[worker-pool] submitRequest(triggerId=us-central1-api)"}}
[info] i  functions: Beginning execution of "us-central1-api" {"metadata":{"emulator":{"name":"functions"},"function":{"name":"us-central1-api"},"extension":{},"message":"Beginning execution of \"us-central1-api\""}}
[debug] [2026-05-19T17:44:14.430Z] [worker-us-central1-api-149068aa-18f9-4116-8274-b83721689b0a]: BUSY {"metadata":{"emulator":{"name":"functions"},"function":{"name":"us-central1-api"},"extension":{},"message":"[worker-us-central1-api-149068aa-18f9-4116-8274-b83721689b0a]: BUSY"}}
[info] >  [ErrorHandler] POST /v1/rival — {"error":{"code":503,"message":"This model is currently experiencing high demand. Spikes in demand are usually temporary. Please try again later.","status":"UNAVAILABLE"}} {"user":"[ErrorHandler] POST /v1/rival — {\"error\":{\"code\":503,\"message\":\"This model is currently experiencing high demand. Spikes in demand are usually temporary. Please try again later.\",\"status\":\"UNAVAILABLE\"}}","metadata":{"emulator":{"name":"functions"},"function":{"name":"us-central1-api"},"extension":{},"message":">  [ErrorHandler] POST /v1/rival — {\"error\":{\"code\":503,\"message\":\"This model is currently experiencing high demand. Spikes in demand are usually temporary. Please try again later.\",\"status\":\"UNAVAILABLE\"}}"}}
[debug] [2026-05-19T17:44:15.117Z] Finishing up request with event=finish {"metadata":{"emulator":{"name":"functions"},"function":{"name":"us-central1-api"},"extension":{},"message":"Finishing up request with event=finish"}}
[info] i  functions: Finished "us-central1-api" in 687.332329ms {"metadata":{"emulator":{"name":"functions"},"function":{"name":"us-central1-api"},"extension":{},"message":"Finished \"us-central1-api\" in 687.332329ms"}}
[debug] [2026-05-19T17:44:15.117Z] [worker-us-central1-api-149068aa-18f9-4116-8274-b83721689b0a]: IDLE {"metadata":{"emulator":{"name":"functions"},"function":{"name":"us-central1-api"},"extension":{},"message":"[worker-us-central1-api-149068aa-18f9-4116-8274-b83721689b0a]: IDLE"}}
[debug] [2026-05-19T17:44:15.117Z] Finishing up request with event=close {"metadata":{"emulator":{"name":"functions"},"function":{"name":"us-central1-api"},"extension":{},"message":"Finishing up request with event=close"}}
[debug] [2026-05-19T17:44:15.117Z] [work-queue] {"queuedWork":[],"queueLength":0,"runningWork":[],"workRunningCount":0}
[debug] [2026-05-19T17:45:27.418Z] File /home/hixam/realm-explorer/functions/services/geminiService.js changed, reloading triggers {"metadata":{"emulator":{"name":"functions"},"message":"File /home/hixam/realm-explorer/functions/services/geminiService.js changed, reloading triggers"}}
[debug] [2026-05-19T17:45:28.421Z] Validating nodejs source
[warn] ⚠  functions: package.json indicates an outdated version of firebase-functions. Please upgrade using npm install --save firebase-functions@latest in your functions directory. 
[warn] ⚠  functions: Please note that there will be breaking changes when you upgrade. 
[debug] [2026-05-19T17:45:29.420Z] > [functions] package.json contents: {
  "name": "realm-explorer-functions",
  "version": "1.0.0",
  "main": "index.js",
  "engines": {
    "node": "20"
  },
  "scripts": {
    "dev": "firebase emulators:start --only functions,firestore",
    "deploy:key": "firebase functions:config:set gemini.key=\"$(grep GEMINI_API_KEY .env | cut -d '=' -f2)\"",
    "verify:key": "firebase functions:config:get | grep gemini"
  },
  "dependencies": {
    "firebase-functions": "^4.0.0",
    "firebase-admin": "^12.0.0",
    "@google/genai": "^1.0.0",
    "express": "^4.18.0",
    "cors": "^2.8.5",
    "uuid": "^9.0.0",
    "dotenv": "^16.0.0"
  }
}
[debug] [2026-05-19T17:45:29.420Z] Building nodejs source
[debug] [2026-05-19T17:45:29.420Z] Failed to find version of module node: reached end of search path /home/hixam/realm-explorer/functions/node_modules
[warn] ⚠  functions: Your requested "node" version "20" doesn't match your global version "26". Using node@26 from host. 
[info] i  functions: Loaded environment variables from .env. 
[info] i  functions: You are using a version of firebase-functions SDK (4.9.0) that does not have support for the newest Firebase Extensions features. Please update firebase-functions SDK to >=5.1.0 to use them correctly 
[debug] [2026-05-19T17:45:29.420Z] Could not find functions.yaml. Must use http discovery
[debug] [2026-05-19T17:45:29.421Z] Found firebase-functions binary at '/home/hixam/realm-explorer/functions/node_modules/.bin/firebase-functions'
[info] Serving at port 8423

[debug] [2026-05-19T17:45:29.728Z] Got response from /__/functions.yaml {"endpoints":{"api":{"platform":"gcfv1","availableMemoryMb":null,"timeoutSeconds":null,"minInstances":null,"maxInstances":null,"ingressSettings":null,"serviceAccountEmail":null,"vpc":null,"httpsTrigger":{},"entryPoint":"api"}},"specVersion":"v1alpha1","requiredAPIs":[]}
[info] ✔  functions: Loaded functions definitions from source: api. {"metadata":{"emulator":{"name":"functions"},"message":"Loaded functions definitions from source: api."}}
[debug] [2026-05-19T17:45:33.751Z] [worker-pool] Shutting down IDLE worker (us-central1-api) {"metadata":{"emulator":{"name":"functions"},"message":"[worker-pool] Shutting down IDLE worker (us-central1-api)"}}
[debug] [2026-05-19T17:45:33.751Z] [worker-us-central1-api-149068aa-18f9-4116-8274-b83721689b0a]: FINISHING {"metadata":{"emulator":{"name":"functions"},"function":{"name":"us-central1-api"},"extension":{},"message":"[worker-us-central1-api-149068aa-18f9-4116-8274-b83721689b0a]: FINISHING"}}
[debug] [2026-05-19T17:45:33.759Z] [worker-us-central1-api-149068aa-18f9-4116-8274-b83721689b0a]: exited {"metadata":{"emulator":{"name":"functions"},"function":{"name":"us-central1-api"},"extension":{},"message":"[worker-us-central1-api-149068aa-18f9-4116-8274-b83721689b0a]: exited"}}
[debug] [2026-05-19T17:45:33.759Z] [worker-us-central1-api-149068aa-18f9-4116-8274-b83721689b0a]: FINISHED {"metadata":{"emulator":{"name":"functions"},"function":{"name":"us-central1-api"},"extension":{},"message":"[worker-us-central1-api-149068aa-18f9-4116-8274-b83721689b0a]: FINISHED"}}
[debug] [2026-05-19T17:46:33.986Z] [work-queue] {"queuedWork":["/demo-realm-explorer/us-central1/api/v1/rival-2026-05-19T17:46:33.986Z"],"queueLength":1,"runningWork":[],"workRunningCount":0}
[debug] [2026-05-19T17:46:33.986Z] [work-queue] {"queuedWork":[],"queueLength":0,"runningWork":["/demo-realm-explorer/us-central1/api/v1/rival-2026-05-19T17:46:33.986Z"],"workRunningCount":1}
[debug] [2026-05-19T17:46:33.986Z] Accepted request POST /demo-realm-explorer/us-central1/api/v1/rival --> us-central1-api
[debug] [2026-05-19T17:46:33.986Z] [functions] Runtime ready! Sending request! {"metadata":{"emulator":{"name":"functions"},"message":"[functions] Runtime ready! Sending request!"}}
[debug] [2026-05-19T17:46:33.987Z] [functions] Got req.url=/demo-realm-explorer/us-central1/api/v1/rival, mapping to path=/v1/rival {"metadata":{"emulator":{"name":"functions"},"message":"[functions] Got req.url=/demo-realm-explorer/us-central1/api/v1/rival, mapping to path=/v1/rival"}}
[debug] [2026-05-19T17:46:33.987Z] [worker-pool] Cleaned up workers for us-central1-api: 1 --> 0 {"metadata":{"emulator":{"name":"functions"},"message":"[worker-pool] Cleaned up workers for us-central1-api: 1 --> 0"}}
[info] i  functions: Loaded environment variables from .env. 
[debug] [2026-05-19T17:46:33.989Z] [worker-pool] addWorker(us-central1-api) {"metadata":{"emulator":{"name":"functions"},"message":"[worker-pool] addWorker(us-central1-api)"}}
[debug] [2026-05-19T17:46:33.989Z] [worker-pool] Adding worker with key us-central1-api, total=1 {"metadata":{"emulator":{"name":"functions"},"message":"[worker-pool] Adding worker with key us-central1-api, total=1"}}
[debug] [2026-05-19T17:46:34.273Z] [runtime-status] [81749] Resolved module firebase-admin {"declared":true,"installed":true,"version":"12.7.0","resolution":"/home/hixam/realm-explorer/functions/node_modules/firebase-admin/lib/index.js"} {"metadata":{"emulator":{"name":"functions"},"function":{"name":"us-central1-api"},"extension":{},"message":"[runtime-status] [81749] Resolved module firebase-admin {\"declared\":true,\"installed\":true,\"version\":\"12.7.0\",\"resolution\":\"/home/hixam/realm-explorer/functions/node_modules/firebase-admin/lib/index.js\"}"}}
[debug] [2026-05-19T17:46:34.273Z] [runtime-status] [81749] Resolved module firebase-functions {"declared":true,"installed":true,"version":"4.9.0","resolution":"/home/hixam/realm-explorer/functions/node_modules/firebase-functions/lib/v1/index.js"} {"metadata":{"emulator":{"name":"functions"},"function":{"name":"us-central1-api"},"extension":{},"message":"[runtime-status] [81749] Resolved module firebase-functions {\"declared\":true,\"installed\":true,\"version\":\"4.9.0\",\"resolution\":\"/home/hixam/realm-explorer/functions/node_modules/firebase-functions/lib/v1/index.js\"}"}}
[debug] [2026-05-19T17:46:34.273Z] [runtime-status] [81749] Outgoing network have been stubbed. [{"name":"http","status":"mocked"},{"name":"http","status":"mocked"},{"name":"https","status":"mocked"},{"name":"https","status":"mocked"},{"name":"net","status":"mocked"}] {"metadata":{"emulator":{"name":"functions"},"function":{"name":"us-central1-api"},"extension":{},"message":"[runtime-status] [81749] Outgoing network have been stubbed. [{\"name\":\"http\",\"status\":\"mocked\"},{\"name\":\"http\",\"status\":\"mocked\"},{\"name\":\"https\",\"status\":\"mocked\"},{\"name\":\"https\",\"status\":\"mocked\"},{\"name\":\"net\",\"status\":\"mocked\"}]"}}
[debug] [2026-05-19T17:46:34.274Z] [runtime-status] [81749] Resolved module firebase-functions {"declared":true,"installed":true,"version":"4.9.0","resolution":"/home/hixam/realm-explorer/functions/node_modules/firebase-functions/lib/v1/index.js"} {"metadata":{"emulator":{"name":"functions"},"function":{"name":"us-central1-api"},"extension":{},"message":"[runtime-status] [81749] Resolved module firebase-functions {\"declared\":true,\"installed\":true,\"version\":\"4.9.0\",\"resolution\":\"/home/hixam/realm-explorer/functions/node_modules/firebase-functions/lib/v1/index.js\"}"}}
[debug] [2026-05-19T17:46:34.314Z] [runtime-status] [81749] Resolved module firebase-admin {"declared":true,"installed":true,"version":"12.7.0","resolution":"/home/hixam/realm-explorer/functions/node_modules/firebase-admin/lib/index.js"} {"metadata":{"emulator":{"name":"functions"},"function":{"name":"us-central1-api"},"extension":{},"message":"[runtime-status] [81749] Resolved module firebase-admin {\"declared\":true,\"installed\":true,\"version\":\"12.7.0\",\"resolution\":\"/home/hixam/realm-explorer/functions/node_modules/firebase-admin/lib/index.js\"}"}}
[debug] [2026-05-19T17:46:34.315Z] [runtime-status] [81749] Resolved module firebase-functions {"declared":true,"installed":true,"version":"4.9.0","resolution":"/home/hixam/realm-explorer/functions/node_modules/firebase-functions/lib/v1/index.js"} {"metadata":{"emulator":{"name":"functions"},"function":{"name":"us-central1-api"},"extension":{},"message":"[runtime-status] [81749] Resolved module firebase-functions {\"declared\":true,\"installed\":true,\"version\":\"4.9.0\",\"resolution\":\"/home/hixam/realm-explorer/functions/node_modules/firebase-functions/lib/v1/index.js\"}"}}
[debug] [2026-05-19T17:46:34.363Z] [runtime-status] [81749] firebase-admin has been stubbed. {"adminResolution":{"declared":true,"installed":true,"version":"12.7.0","resolution":"/home/hixam/realm-explorer/functions/node_modules/firebase-admin/lib/index.js"}} {"metadata":{"emulator":{"name":"functions"},"function":{"name":"us-central1-api"},"extension":{},"message":"[runtime-status] [81749] firebase-admin has been stubbed. {\"adminResolution\":{\"declared\":true,\"installed\":true,\"version\":\"12.7.0\",\"resolution\":\"/home/hixam/realm-explorer/functions/node_modules/firebase-admin/lib/index.js\"}}"}}
[debug] [2026-05-19T17:46:34.395Z] [runtime-status] [81749] initializeApp(DEFAULT) {"storageBucket":"demo-realm-explorer.appspot.com","databaseURL":"https://demo-realm-explorer.firebaseio.com","projectId":"demo-realm-explorer"} {"metadata":{"emulator":{"name":"functions"},"function":{"name":"us-central1-api"},"extension":{},"message":"[runtime-status] [81749] initializeApp(DEFAULT) {\"storageBucket\":\"demo-realm-explorer.appspot.com\",\"databaseURL\":\"https://demo-realm-explorer.firebaseio.com\",\"projectId\":\"demo-realm-explorer\"}"}}
[debug] [2026-05-19T17:46:34.427Z] [runtime-status] [81749] Functions runtime initialized. {"cwd":"/home/hixam/realm-explorer/functions","node_version":"26.1.0"} {"metadata":{"emulator":{"name":"functions"},"function":{"name":"us-central1-api"},"extension":{},"message":"[runtime-status] [81749] Functions runtime initialized. {\"cwd\":\"/home/hixam/realm-explorer/functions\",\"node_version\":\"26.1.0\"}"}}
[debug] [2026-05-19T17:46:34.427Z] [runtime-status] [81749] Listening to port: /tmp/fire_emu_bc5a27013442b2aa.sock {"metadata":{"emulator":{"name":"functions"},"function":{"name":"us-central1-api"},"extension":{},"message":"[runtime-status] [81749] Listening to port: /tmp/fire_emu_bc5a27013442b2aa.sock"}}
[debug] [2026-05-19T17:46:34.497Z] [worker-us-central1-api-242c9a78-9bbb-4c35-a1b1-cc6e286c5d28]: IDLE {"metadata":{"emulator":{"name":"functions"},"function":{"name":"us-central1-api"},"extension":{},"message":"[worker-us-central1-api-242c9a78-9bbb-4c35-a1b1-cc6e286c5d28]: IDLE"}}
[debug] [2026-05-19T17:46:34.497Z] [worker-pool] submitRequest(triggerId=us-central1-api) {"metadata":{"emulator":{"name":"functions"},"message":"[worker-pool] submitRequest(triggerId=us-central1-api)"}}
[info] i  functions: Beginning execution of "us-central1-api" {"metadata":{"emulator":{"name":"functions"},"function":{"name":"us-central1-api"},"extension":{},"message":"Beginning execution of \"us-central1-api\""}}
[debug] [2026-05-19T17:46:34.498Z] [worker-us-central1-api-242c9a78-9bbb-4c35-a1b1-cc6e286c5d28]: BUSY {"metadata":{"emulator":{"name":"functions"},"function":{"name":"us-central1-api"},"extension":{},"message":"[worker-us-central1-api-242c9a78-9bbb-4c35-a1b1-cc6e286c5d28]: BUSY"}}
[info] >  [ErrorHandler] POST /v1/rival — {"error":{"code":503,"message":"This model is currently experiencing high demand. Spikes in demand are usually temporary. Please try again later.","status":"UNAVAILABLE"}} {"user":"[ErrorHandler] POST /v1/rival — {\"error\":{\"code\":503,\"message\":\"This model is currently experiencing high demand. Spikes in demand are usually temporary. Please try again later.\",\"status\":\"UNAVAILABLE\"}}","metadata":{"emulator":{"name":"functions"},"function":{"name":"us-central1-api"},"extension":{},"message":">  [ErrorHandler] POST /v1/rival — {\"error\":{\"code\":503,\"message\":\"This model is currently experiencing high demand. Spikes in demand are usually temporary. Please try again later.\",\"status\":\"UNAVAILABLE\"}}"}}
[debug] [2026-05-19T17:46:53.662Z] Finishing up request with event=finish {"metadata":{"emulator":{"name":"functions"},"function":{"name":"us-central1-api"},"extension":{},"message":"Finishing up request with event=finish"}}
[info] i  functions: Finished "us-central1-api" in 19164.753635ms {"metadata":{"emulator":{"name":"functions"},"function":{"name":"us-central1-api"},"extension":{},"message":"Finished \"us-central1-api\" in 19164.753635ms"}}
[debug] [2026-05-19T17:46:53.663Z] [worker-us-central1-api-242c9a78-9bbb-4c35-a1b1-cc6e286c5d28]: IDLE {"metadata":{"emulator":{"name":"functions"},"function":{"name":"us-central1-api"},"extension":{},"message":"[worker-us-central1-api-242c9a78-9bbb-4c35-a1b1-cc6e286c5d28]: IDLE"}}
[debug] [2026-05-19T17:46:53.663Z] Finishing up request with event=close {"metadata":{"emulator":{"name":"functions"},"function":{"name":"us-central1-api"},"extension":{},"message":"Finishing up request with event=close"}}
[debug] [2026-05-19T17:46:53.663Z] [work-queue] {"queuedWork":[],"queueLength":0,"runningWork":[],"workRunningCount":0}
[debug] [2026-05-19T17:46:53.683Z] [work-queue] {"queuedWork":["/demo-realm-explorer/us-central1/api/v1/loot-2026-05-19T17:46:53.683Z"],"queueLength":1,"runningWork":[],"workRunningCount":0}
[debug] [2026-05-19T17:46:53.683Z] [work-queue] {"queuedWork":[],"queueLength":0,"runningWork":["/demo-realm-explorer/us-central1/api/v1/loot-2026-05-19T17:46:53.683Z"],"workRunningCount":1}
[debug] [2026-05-19T17:46:53.683Z] Accepted request POST /demo-realm-explorer/us-central1/api/v1/loot --> us-central1-api
[debug] [2026-05-19T17:46:53.683Z] [functions] Runtime ready! Sending request! {"metadata":{"emulator":{"name":"functions"},"message":"[functions] Runtime ready! Sending request!"}}
[debug] [2026-05-19T17:46:53.683Z] [functions] Got req.url=/demo-realm-explorer/us-central1/api/v1/loot, mapping to path=/v1/loot {"metadata":{"emulator":{"name":"functions"},"message":"[functions] Got req.url=/demo-realm-explorer/us-central1/api/v1/loot, mapping to path=/v1/loot"}}
[debug] [2026-05-19T17:46:53.684Z] [worker-pool] submitRequest(triggerId=us-central1-api) {"metadata":{"emulator":{"name":"functions"},"message":"[worker-pool] submitRequest(triggerId=us-central1-api)"}}
[info] i  functions: Beginning execution of "us-central1-api" {"metadata":{"emulator":{"name":"functions"},"function":{"name":"us-central1-api"},"extension":{},"message":"Beginning execution of \"us-central1-api\""}}
[debug] [2026-05-19T17:46:53.684Z] [worker-us-central1-api-242c9a78-9bbb-4c35-a1b1-cc6e286c5d28]: BUSY {"metadata":{"emulator":{"name":"functions"},"function":{"name":"us-central1-api"},"extension":{},"message":"[worker-us-central1-api-242c9a78-9bbb-4c35-a1b1-cc6e286c5d28]: BUSY"}}
[debug] [2026-05-19T17:47:15.451Z] May 19, 2026 10:47:15 PM io.gapi.emulators.netty.HttpVersionRoutingHandler channelRead
INFO: Detected HTTP/2 connection.
 {"metadata":{"emulator":{"name":"firestore"},"message":"May 19, 2026 10:47:15 PM io.gapi.emulators.netty.HttpVersionRoutingHandler channelRead\nINFO: Detected HTTP/2 connection.\n"}}
[debug] [2026-05-19T17:47:15.518Z] Finishing up request with event=finish {"metadata":{"emulator":{"name":"functions"},"function":{"name":"us-central1-api"},"extension":{},"message":"Finishing up request with event=finish"}}
[info] i  functions: Finished "us-central1-api" in 21833.856457ms {"metadata":{"emulator":{"name":"functions"},"function":{"name":"us-central1-api"},"extension":{},"message":"Finished \"us-central1-api\" in 21833.856457ms"}}
[debug] [2026-05-19T17:47:15.518Z] [worker-us-central1-api-242c9a78-9bbb-4c35-a1b1-cc6e286c5d28]: IDLE {"metadata":{"emulator":{"name":"functions"},"function":{"name":"us-central1-api"},"extension":{},"message":"[worker-us-central1-api-242c9a78-9bbb-4c35-a1b1-cc6e286c5d28]: IDLE"}}
[debug] [2026-05-19T17:47:15.518Z] Finishing up request with event=close {"metadata":{"emulator":{"name":"functions"},"function":{"name":"us-central1-api"},"extension":{},"message":"Finishing up request with event=close"}}
[debug] [2026-05-19T17:47:15.518Z] [work-queue] {"queuedWork":[],"queueLength":0,"runningWork":[],"workRunningCount":0}
[debug] [2026-05-19T17:47:52.234Z] File /home/hixam/realm-explorer/functions/services/geminiService.js changed, reloading triggers {"metadata":{"emulator":{"name":"functions"},"message":"File /home/hixam/realm-explorer/functions/services/geminiService.js changed, reloading triggers"}}
[debug] [2026-05-19T17:47:53.239Z] Validating nodejs source
[warn] ⚠  functions: package.json indicates an outdated version of firebase-functions. Please upgrade using npm install --save firebase-functions@latest in your functions directory. 
[warn] ⚠  functions: Please note that there will be breaking changes when you upgrade. 
[debug] [2026-05-19T17:47:53.924Z] > [functions] package.json contents: {
  "name": "realm-explorer-functions",
  "version": "1.0.0",
  "main": "index.js",
  "engines": {
    "node": "20"
  },
  "scripts": {
    "dev": "firebase emulators:start --only functions,firestore",
    "deploy:key": "firebase functions:config:set gemini.key=\"$(grep GEMINI_API_KEY .env | cut -d '=' -f2)\"",
    "verify:key": "firebase functions:config:get | grep gemini"
  },
  "dependencies": {
    "firebase-functions": "^4.0.0",
    "firebase-admin": "^12.0.0",
    "@google/genai": "^1.0.0",
    "express": "^4.18.0",
    "cors": "^2.8.5",
    "uuid": "^9.0.0",
    "dotenv": "^16.0.0"
  }
}
[debug] [2026-05-19T17:47:53.924Z] Building nodejs source
[debug] [2026-05-19T17:47:53.924Z] Failed to find version of module node: reached end of search path /home/hixam/realm-explorer/functions/node_modules
[warn] ⚠  functions: Your requested "node" version "20" doesn't match your global version "26". Using node@26 from host. 
[info] i  functions: Loaded environment variables from .env. 
[info] i  functions: You are using a version of firebase-functions SDK (4.9.0) that does not have support for the newest Firebase Extensions features. Please update firebase-functions SDK to >=5.1.0 to use them correctly 
[debug] [2026-05-19T17:47:53.925Z] Could not find functions.yaml. Must use http discovery
[debug] [2026-05-19T17:47:53.925Z] Found firebase-functions binary at '/home/hixam/realm-explorer/functions/node_modules/.bin/firebase-functions'
[info] Serving at port 8528

[debug] [2026-05-19T17:47:54.208Z] Got response from /__/functions.yaml {"endpoints":{"api":{"platform":"gcfv1","availableMemoryMb":null,"timeoutSeconds":null,"minInstances":null,"maxInstances":null,"ingressSettings":null,"serviceAccountEmail":null,"vpc":null,"httpsTrigger":{},"entryPoint":"api"}},"specVersion":"v1alpha1","requiredAPIs":[]}
[info] ✔  functions: Loaded functions definitions from source: api. {"metadata":{"emulator":{"name":"functions"},"message":"Loaded functions definitions from source: api."}}
[debug] [2026-05-19T17:47:58.231Z] [worker-pool] Shutting down IDLE worker (us-central1-api) {"metadata":{"emulator":{"name":"functions"},"message":"[worker-pool] Shutting down IDLE worker (us-central1-api)"}}
[debug] [2026-05-19T17:47:58.231Z] [worker-us-central1-api-242c9a78-9bbb-4c35-a1b1-cc6e286c5d28]: FINISHING {"metadata":{"emulator":{"name":"functions"},"function":{"name":"us-central1-api"},"extension":{},"message":"[worker-us-central1-api-242c9a78-9bbb-4c35-a1b1-cc6e286c5d28]: FINISHING"}}
[debug] [2026-05-19T17:47:58.236Z] [worker-us-central1-api-242c9a78-9bbb-4c35-a1b1-cc6e286c5d28]: exited {"metadata":{"emulator":{"name":"functions"},"function":{"name":"us-central1-api"},"extension":{},"message":"[worker-us-central1-api-242c9a78-9bbb-4c35-a1b1-cc6e286c5d28]: exited"}}
[debug] [2026-05-19T17:47:58.236Z] [worker-us-central1-api-242c9a78-9bbb-4c35-a1b1-cc6e286c5d28]: FINISHED {"metadata":{"emulator":{"name":"functions"},"function":{"name":"us-central1-api"},"extension":{},"message":"[worker-us-central1-api-242c9a78-9bbb-4c35-a1b1-cc6e286c5d28]: FINISHED"}}
[debug] [2026-05-19T17:48:30.522Z] [work-queue] {"queuedWork":["/demo-realm-explorer/us-central1/api/v1/rival-2026-05-19T17:48:30.522Z"],"queueLength":1,"runningWork":[],"workRunningCount":0}
[debug] [2026-05-19T17:48:30.523Z] [work-queue] {"queuedWork":[],"queueLength":0,"runningWork":["/demo-realm-explorer/us-central1/api/v1/rival-2026-05-19T17:48:30.522Z"],"workRunningCount":1}
[debug] [2026-05-19T17:48:30.523Z] Accepted request POST /demo-realm-explorer/us-central1/api/v1/rival --> us-central1-api
[debug] [2026-05-19T17:48:30.523Z] [functions] Runtime ready! Sending request! {"metadata":{"emulator":{"name":"functions"},"message":"[functions] Runtime ready! Sending request!"}}
[debug] [2026-05-19T17:48:30.523Z] [functions] Got req.url=/demo-realm-explorer/us-central1/api/v1/rival, mapping to path=/v1/rival {"metadata":{"emulator":{"name":"functions"},"message":"[functions] Got req.url=/demo-realm-explorer/us-central1/api/v1/rival, mapping to path=/v1/rival"}}
[debug] [2026-05-19T17:48:30.523Z] [worker-pool] Cleaned up workers for us-central1-api: 1 --> 0 {"metadata":{"emulator":{"name":"functions"},"message":"[worker-pool] Cleaned up workers for us-central1-api: 1 --> 0"}}
[info] i  functions: Loaded environment variables from .env. 
[debug] [2026-05-19T17:48:30.526Z] [worker-pool] addWorker(us-central1-api) {"metadata":{"emulator":{"name":"functions"},"message":"[worker-pool] addWorker(us-central1-api)"}}
[debug] [2026-05-19T17:48:30.526Z] [worker-pool] Adding worker with key us-central1-api, total=1 {"metadata":{"emulator":{"name":"functions"},"message":"[worker-pool] Adding worker with key us-central1-api, total=1"}}
[debug] [2026-05-19T17:48:30.911Z] [runtime-status] [82102] Resolved module firebase-admin {"declared":true,"installed":true,"version":"12.7.0","resolution":"/home/hixam/realm-explorer/functions/node_modules/firebase-admin/lib/index.js"} {"metadata":{"emulator":{"name":"functions"},"function":{"name":"us-central1-api"},"extension":{},"message":"[runtime-status] [82102] Resolved module firebase-admin {\"declared\":true,\"installed\":true,\"version\":\"12.7.0\",\"resolution\":\"/home/hixam/realm-explorer/functions/node_modules/firebase-admin/lib/index.js\"}"}}
[debug] [2026-05-19T17:48:30.912Z] [runtime-status] [82102] Resolved module firebase-functions {"declared":true,"installed":true,"version":"4.9.0","resolution":"/home/hixam/realm-explorer/functions/node_modules/firebase-functions/lib/v1/index.js"} {"metadata":{"emulator":{"name":"functions"},"function":{"name":"us-central1-api"},"extension":{},"message":"[runtime-status] [82102] Resolved module firebase-functions {\"declared\":true,\"installed\":true,\"version\":\"4.9.0\",\"resolution\":\"/home/hixam/realm-explorer/functions/node_modules/firebase-functions/lib/v1/index.js\"}"}}
[debug] [2026-05-19T17:48:30.912Z] [runtime-status] [82102] Outgoing network have been stubbed. [{"name":"http","status":"mocked"},{"name":"http","status":"mocked"},{"name":"https","status":"mocked"},{"name":"https","status":"mocked"},{"name":"net","status":"mocked"}] {"metadata":{"emulator":{"name":"functions"},"function":{"name":"us-central1-api"},"extension":{},"message":"[runtime-status] [82102] Outgoing network have been stubbed. [{\"name\":\"http\",\"status\":\"mocked\"},{\"name\":\"http\",\"status\":\"mocked\"},{\"name\":\"https\",\"status\":\"mocked\"},{\"name\":\"https\",\"status\":\"mocked\"},{\"name\":\"net\",\"status\":\"mocked\"}]"}}
[debug] [2026-05-19T17:48:30.912Z] [runtime-status] [82102] Resolved module firebase-functions {"declared":true,"installed":true,"version":"4.9.0","resolution":"/home/hixam/realm-explorer/functions/node_modules/firebase-functions/lib/v1/index.js"} {"metadata":{"emulator":{"name":"functions"},"function":{"name":"us-central1-api"},"extension":{},"message":"[runtime-status] [82102] Resolved module firebase-functions {\"declared\":true,\"installed\":true,\"version\":\"4.9.0\",\"resolution\":\"/home/hixam/realm-explorer/functions/node_modules/firebase-functions/lib/v1/index.js\"}"}}
[debug] [2026-05-19T17:48:30.951Z] [runtime-status] [82102] Resolved module firebase-admin {"declared":true,"installed":true,"version":"12.7.0","resolution":"/home/hixam/realm-explorer/functions/node_modules/firebase-admin/lib/index.js"} {"metadata":{"emulator":{"name":"functions"},"function":{"name":"us-central1-api"},"extension":{},"message":"[runtime-status] [82102] Resolved module firebase-admin {\"declared\":true,\"installed\":true,\"version\":\"12.7.0\",\"resolution\":\"/home/hixam/realm-explorer/functions/node_modules/firebase-admin/lib/index.js\"}"}}
[debug] [2026-05-19T17:48:30.951Z] [runtime-status] [82102] Resolved module firebase-functions {"declared":true,"installed":true,"version":"4.9.0","resolution":"/home/hixam/realm-explorer/functions/node_modules/firebase-functions/lib/v1/index.js"} {"metadata":{"emulator":{"name":"functions"},"function":{"name":"us-central1-api"},"extension":{},"message":"[runtime-status] [82102] Resolved module firebase-functions {\"declared\":true,\"installed\":true,\"version\":\"4.9.0\",\"resolution\":\"/home/hixam/realm-explorer/functions/node_modules/firebase-functions/lib/v1/index.js\"}"}}
[debug] [2026-05-19T17:48:31.000Z] [runtime-status] [82102] firebase-admin has been stubbed. {"adminResolution":{"declared":true,"installed":true,"version":"12.7.0","resolution":"/home/hixam/realm-explorer/functions/node_modules/firebase-admin/lib/index.js"}} {"metadata":{"emulator":{"name":"functions"},"function":{"name":"us-central1-api"},"extension":{},"message":"[runtime-status] [82102] firebase-admin has been stubbed. {\"adminResolution\":{\"declared\":true,\"installed\":true,\"version\":\"12.7.0\",\"resolution\":\"/home/hixam/realm-explorer/functions/node_modules/firebase-admin/lib/index.js\"}}"}}
[debug] [2026-05-19T17:48:31.024Z] [runtime-status] [82102] initializeApp(DEFAULT) {"storageBucket":"demo-realm-explorer.appspot.com","databaseURL":"https://demo-realm-explorer.firebaseio.com","projectId":"demo-realm-explorer"} {"metadata":{"emulator":{"name":"functions"},"function":{"name":"us-central1-api"},"extension":{},"message":"[runtime-status] [82102] initializeApp(DEFAULT) {\"storageBucket\":\"demo-realm-explorer.appspot.com\",\"databaseURL\":\"https://demo-realm-explorer.firebaseio.com\",\"projectId\":\"demo-realm-explorer\"}"}}
[debug] [2026-05-19T17:48:31.054Z] [runtime-status] [82102] Functions runtime initialized. {"cwd":"/home/hixam/realm-explorer/functions","node_version":"26.1.0"} {"metadata":{"emulator":{"name":"functions"},"function":{"name":"us-central1-api"},"extension":{},"message":"[runtime-status] [82102] Functions runtime initialized. {\"cwd\":\"/home/hixam/realm-explorer/functions\",\"node_version\":\"26.1.0\"}"}}
[debug] [2026-05-19T17:48:31.054Z] [runtime-status] [82102] Listening to port: /tmp/fire_emu_743a2bc82c6e2bc7.sock {"metadata":{"emulator":{"name":"functions"},"function":{"name":"us-central1-api"},"extension":{},"message":"[runtime-status] [82102] Listening to port: /tmp/fire_emu_743a2bc82c6e2bc7.sock"}}
[debug] [2026-05-19T17:48:31.136Z] [worker-us-central1-api-ae3a191b-c7e9-4096-869f-f68c6e69ce75]: IDLE {"metadata":{"emulator":{"name":"functions"},"function":{"name":"us-central1-api"},"extension":{},"message":"[worker-us-central1-api-ae3a191b-c7e9-4096-869f-f68c6e69ce75]: IDLE"}}
[debug] [2026-05-19T17:48:31.136Z] [worker-pool] submitRequest(triggerId=us-central1-api) {"metadata":{"emulator":{"name":"functions"},"message":"[worker-pool] submitRequest(triggerId=us-central1-api)"}}
[info] i  functions: Beginning execution of "us-central1-api" {"metadata":{"emulator":{"name":"functions"},"function":{"name":"us-central1-api"},"extension":{},"message":"Beginning execution of \"us-central1-api\""}}
[debug] [2026-05-19T17:48:31.137Z] [worker-us-central1-api-ae3a191b-c7e9-4096-869f-f68c6e69ce75]: BUSY {"metadata":{"emulator":{"name":"functions"},"function":{"name":"us-central1-api"},"extension":{},"message":"[worker-us-central1-api-ae3a191b-c7e9-4096-869f-f68c6e69ce75]: BUSY"}}
[debug] [2026-05-19T17:48:41.620Z] May 19, 2026 10:48:41 PM io.gapi.emulators.netty.HttpVersionRoutingHandler channelRead
INFO: Detected HTTP/2 connection.
 {"metadata":{"emulator":{"name":"firestore"},"message":"May 19, 2026 10:48:41 PM io.gapi.emulators.netty.HttpVersionRoutingHandler channelRead\nINFO: Detected HTTP/2 connection.\n"}}
[debug] [2026-05-19T17:48:41.649Z] Finishing up request with event=finish {"metadata":{"emulator":{"name":"functions"},"function":{"name":"us-central1-api"},"extension":{},"message":"Finishing up request with event=finish"}}
[info] i  functions: Finished "us-central1-api" in 10512.281845ms {"metadata":{"emulator":{"name":"functions"},"function":{"name":"us-central1-api"},"extension":{},"message":"Finished \"us-central1-api\" in 10512.281845ms"}}
[debug] [2026-05-19T17:48:41.649Z] [worker-us-central1-api-ae3a191b-c7e9-4096-869f-f68c6e69ce75]: IDLE {"metadata":{"emulator":{"name":"functions"},"function":{"name":"us-central1-api"},"extension":{},"message":"[worker-us-central1-api-ae3a191b-c7e9-4096-869f-f68c6e69ce75]: IDLE"}}
[debug] [2026-05-19T17:48:41.649Z] Finishing up request with event=close {"metadata":{"emulator":{"name":"functions"},"function":{"name":"us-central1-api"},"extension":{},"message":"Finishing up request with event=close"}}
[debug] [2026-05-19T17:48:41.649Z] [work-queue] {"queuedWork":[],"queueLength":0,"runningWork":[],"workRunningCount":0}
[debug] [2026-05-19T17:48:46.658Z] [work-queue] {"queuedWork":["/demo-realm-explorer/us-central1/api/v1/recap-2026-05-19T17:48:46.658Z"],"queueLength":1,"runningWork":[],"workRunningCount":0}
[debug] [2026-05-19T17:48:46.658Z] [work-queue] {"queuedWork":[],"queueLength":0,"runningWork":["/demo-realm-explorer/us-central1/api/v1/recap-2026-05-19T17:48:46.658Z"],"workRunningCount":1}
[debug] [2026-05-19T17:48:46.658Z] Accepted request POST /demo-realm-explorer/us-central1/api/v1/recap --> us-central1-api
[debug] [2026-05-19T17:48:46.659Z] [functions] Runtime ready! Sending request! {"metadata":{"emulator":{"name":"functions"},"message":"[functions] Runtime ready! Sending request!"}}
[debug] [2026-05-19T17:48:46.659Z] [functions] Got req.url=/demo-realm-explorer/us-central1/api/v1/recap, mapping to path=/v1/recap {"metadata":{"emulator":{"name":"functions"},"message":"[functions] Got req.url=/demo-realm-explorer/us-central1/api/v1/recap, mapping to path=/v1/recap"}}
[debug] [2026-05-19T17:48:46.659Z] [worker-pool] submitRequest(triggerId=us-central1-api) {"metadata":{"emulator":{"name":"functions"},"message":"[worker-pool] submitRequest(triggerId=us-central1-api)"}}
[info] i  functions: Beginning execution of "us-central1-api" {"metadata":{"emulator":{"name":"functions"},"function":{"name":"us-central1-api"},"extension":{},"message":"Beginning execution of \"us-central1-api\""}}
[debug] [2026-05-19T17:48:46.659Z] [worker-us-central1-api-ae3a191b-c7e9-4096-869f-f68c6e69ce75]: BUSY {"metadata":{"emulator":{"name":"functions"},"function":{"name":"us-central1-api"},"extension":{},"message":"[worker-us-central1-api-ae3a191b-c7e9-4096-869f-f68c6e69ce75]: BUSY"}}
[info] >  [Gemini] 503 on attempt 1, retrying in 5s... {"user":"[Gemini] 503 on attempt 1, retrying in 5s...","metadata":{"emulator":{"name":"functions"},"function":{"name":"us-central1-api"},"extension":{},"message":">  [Gemini] 503 on attempt 1, retrying in 5s..."}}
[debug] [2026-05-19T17:49:08.393Z] Finishing up request with event=finish {"metadata":{"emulator":{"name":"functions"},"function":{"name":"us-central1-api"},"extension":{},"message":"Finishing up request with event=finish"}}
[info] i  functions: Finished "us-central1-api" in 21734.476821ms {"metadata":{"emulator":{"name":"functions"},"function":{"name":"us-central1-api"},"extension":{},"message":"Finished \"us-central1-api\" in 21734.476821ms"}}
[debug] [2026-05-19T17:49:08.393Z] [worker-us-central1-api-ae3a191b-c7e9-4096-869f-f68c6e69ce75]: IDLE {"metadata":{"emulator":{"name":"functions"},"function":{"name":"us-central1-api"},"extension":{},"message":"[worker-us-central1-api-ae3a191b-c7e9-4096-869f-f68c6e69ce75]: IDLE"}}
[debug] [2026-05-19T17:49:08.393Z] Finishing up request with event=close {"metadata":{"emulator":{"name":"functions"},"function":{"name":"us-central1-api"},"extension":{},"message":"Finishing up request with event=close"}}
[debug] [2026-05-19T17:49:08.393Z] [work-queue] {"queuedWork":[],"queueLength":0,"runningWork":[],"workRunningCount":0}
[debug] [2026-05-19T17:49:11.404Z] [work-queue] {"queuedWork":["/demo-realm-explorer/us-central1/api/v1/run/8792dc6a-13f5-460d-b7e9-90cda5f58af5-2026-05-19T17:49:11.404Z"],"queueLength":1,"runningWork":[],"workRunningCount":0}
[debug] [2026-05-19T17:49:11.404Z] [work-queue] {"queuedWork":[],"queueLength":0,"runningWork":["/demo-realm-explorer/us-central1/api/v1/run/8792dc6a-13f5-460d-b7e9-90cda5f58af5-2026-05-19T17:49:11.404Z"],"workRunningCount":1}
[debug] [2026-05-19T17:49:11.404Z] Accepted request GET /demo-realm-explorer/us-central1/api/v1/run/8792dc6a-13f5-460d-b7e9-90cda5f58af5?playerId=player_001 --> us-central1-api
[debug] [2026-05-19T17:49:11.404Z] [functions] Runtime ready! Sending request! {"metadata":{"emulator":{"name":"functions"},"message":"[functions] Runtime ready! Sending request!"}}
[debug] [2026-05-19T17:49:11.404Z] [functions] Got req.url=/demo-realm-explorer/us-central1/api/v1/run/8792dc6a-13f5-460d-b7e9-90cda5f58af5?playerId=player_001, mapping to path=/v1/run/8792dc6a-13f5-460d-b7e9-90cda5f58af5?playerId=player_001 {"metadata":{"emulator":{"name":"functions"},"message":"[functions] Got req.url=/demo-realm-explorer/us-central1/api/v1/run/8792dc6a-13f5-460d-b7e9-90cda5f58af5?playerId=player_001, mapping to path=/v1/run/8792dc6a-13f5-460d-b7e9-90cda5f58af5?playerId=player_001"}}
[debug] [2026-05-19T17:49:11.404Z] [worker-pool] submitRequest(triggerId=us-central1-api) {"metadata":{"emulator":{"name":"functions"},"message":"[worker-pool] submitRequest(triggerId=us-central1-api)"}}
[info] i  functions: Beginning execution of "us-central1-api" {"metadata":{"emulator":{"name":"functions"},"function":{"name":"us-central1-api"},"extension":{},"message":"Beginning execution of \"us-central1-api\""}}
[debug] [2026-05-19T17:49:11.404Z] [worker-us-central1-api-ae3a191b-c7e9-4096-869f-f68c6e69ce75]: BUSY {"metadata":{"emulator":{"name":"functions"},"function":{"name":"us-central1-api"},"extension":{},"message":"[worker-us-central1-api-ae3a191b-c7e9-4096-869f-f68c6e69ce75]: BUSY"}}
[debug] [2026-05-19T17:49:11.428Z] Finishing up request with event=finish {"metadata":{"emulator":{"name":"functions"},"function":{"name":"us-central1-api"},"extension":{},"message":"Finishing up request with event=finish"}}
[info] i  functions: Finished "us-central1-api" in 23.589139ms {"metadata":{"emulator":{"name":"functions"},"function":{"name":"us-central1-api"},"extension":{},"message":"Finished \"us-central1-api\" in 23.589139ms"}}
[debug] [2026-05-19T17:49:11.428Z] [worker-us-central1-api-ae3a191b-c7e9-4096-869f-f68c6e69ce75]: IDLE {"metadata":{"emulator":{"name":"functions"},"function":{"name":"us-central1-api"},"extension":{},"message":"[worker-us-central1-api-ae3a191b-c7e9-4096-869f-f68c6e69ce75]: IDLE"}}
[debug] [2026-05-19T17:49:11.428Z] Finishing up request with event=close {"metadata":{"emulator":{"name":"functions"},"function":{"name":"us-central1-api"},"extension":{},"message":"Finishing up request with event=close"}}
[debug] [2026-05-19T17:49:11.428Z] [work-queue] {"queuedWork":[],"queueLength":0,"runningWork":[],"workRunningCount":0}
[debug] [2026-05-19T17:50:18.146Z] [work-queue] {"queuedWork":["/demo-realm-explorer/us-central1/api/v1/run/8792dc6a-13f5-460d-b7e9-90cda5f58af5-2026-05-19T17:50:18.146Z"],"queueLength":1,"runningWork":[],"workRunningCount":0}
[debug] [2026-05-19T17:50:18.146Z] [work-queue] {"queuedWork":[],"queueLength":0,"runningWork":["/demo-realm-explorer/us-central1/api/v1/run/8792dc6a-13f5-460d-b7e9-90cda5f58af5-2026-05-19T17:50:18.146Z"],"workRunningCount":1}
[debug] [2026-05-19T17:50:18.146Z] Accepted request GET /demo-realm-explorer/us-central1/api/v1/run/8792dc6a-13f5-460d-b7e9-90cda5f58af5?playerId=player_001 --> us-central1-api
[debug] [2026-05-19T17:50:18.146Z] [functions] Runtime ready! Sending request! {"metadata":{"emulator":{"name":"functions"},"message":"[functions] Runtime ready! Sending request!"}}
[debug] [2026-05-19T17:50:18.146Z] [functions] Got req.url=/demo-realm-explorer/us-central1/api/v1/run/8792dc6a-13f5-460d-b7e9-90cda5f58af5?playerId=player_001, mapping to path=/v1/run/8792dc6a-13f5-460d-b7e9-90cda5f58af5?playerId=player_001 {"metadata":{"emulator":{"name":"functions"},"message":"[functions] Got req.url=/demo-realm-explorer/us-central1/api/v1/run/8792dc6a-13f5-460d-b7e9-90cda5f58af5?playerId=player_001, mapping to path=/v1/run/8792dc6a-13f5-460d-b7e9-90cda5f58af5?playerId=player_001"}}
[debug] [2026-05-19T17:50:18.146Z] [worker-pool] submitRequest(triggerId=us-central1-api) {"metadata":{"emulator":{"name":"functions"},"message":"[worker-pool] submitRequest(triggerId=us-central1-api)"}}
[info] i  functions: Beginning execution of "us-central1-api" {"metadata":{"emulator":{"name":"functions"},"function":{"name":"us-central1-api"},"extension":{},"message":"Beginning execution of \"us-central1-api\""}}
[debug] [2026-05-19T17:50:18.146Z] [worker-us-central1-api-ae3a191b-c7e9-4096-869f-f68c6e69ce75]: BUSY {"metadata":{"emulator":{"name":"functions"},"function":{"name":"us-central1-api"},"extension":{},"message":"[worker-us-central1-api-ae3a191b-c7e9-4096-869f-f68c6e69ce75]: BUSY"}}
[debug] [2026-05-19T17:50:18.215Z] Finishing up request with event=finish {"metadata":{"emulator":{"name":"functions"},"function":{"name":"us-central1-api"},"extension":{},"message":"Finishing up request with event=finish"}}
[info] i  functions: Finished "us-central1-api" in 68.95551ms {"metadata":{"emulator":{"name":"functions"},"function":{"name":"us-central1-api"},"extension":{},"message":"Finished \"us-central1-api\" in 68.95551ms"}}
[debug] [2026-05-19T17:50:18.215Z] [worker-us-central1-api-ae3a191b-c7e9-4096-869f-f68c6e69ce75]: IDLE {"metadata":{"emulator":{"name":"functions"},"function":{"name":"us-central1-api"},"extension":{},"message":"[worker-us-central1-api-ae3a191b-c7e9-4096-869f-f68c6e69ce75]: IDLE"}}
[debug] [2026-05-19T17:50:18.215Z] Finishing up request with event=close {"metadata":{"emulator":{"name":"functions"},"function":{"name":"us-central1-api"},"extension":{},"message":"Finishing up request with event=close"}}
[debug] [2026-05-19T17:50:18.215Z] [work-queue] {"queuedWork":[],"queueLength":0,"runningWork":[],"workRunningCount":0}
